camera_id,detect_id,object_id
44,1,101
44,3,102
44,11,105
44,15,101
44,17,102
44,25,105
44,29,101
44,31,102
44,39,105
44,44,101
44,46,102
44,54,105
44,59,101
44,61,102
44,69,105
44,74,101
44,76,102
44,84,105
44,89,101
44,91,102
44,99,105
44,105,101
44,107,102
44,115,105
44,120,107
44,122,101
44,124,102
44,132,105
44,137,107
44,139,101
44,141,102
44,149,105
44,154,107
44,156,101
44,158,102
44,166,105
44,171,107
44,175,101
44,177,102
44,185,105
44,190,107
44,194,101
44,196,102
44,204,105
44,209,107
44,213,101
44,215,102
44,223,105
44,228,107
44,232,101
44,234,102
44,242,105
44,247,107
44,251,101
44,253,102
44,261,105
44,266,107
44,270,101
44,272,102
44,280,105
44,285,107
44,289,101
44,291,102
44,299,105
44,304,107
44,308,101
44,310,102
44,318,105
44,323,107
44,327,101
44,329,102
44,337,105
44,342,107
44,346,101
44,348,102
44,355,105
44,360,107
44,362,108
44,366,101
44,368,102
44,375,105
44,380,107
44,382,108
44,386,101
44,388,102
44,395,105
44,400,107
44,402,108
44,406,101
44,414,105
44,419,107
44,421,108
44,424,101
44,432,105
44,437,107
44,439,108
44,442,101
44,450,105
44,455,107
44,457,108
44,460,101
44,468,105
44,473,107
44,475,108
44,478,101
44,486,105
44,491,107
44,493,108
44,496,101
44,504,105
44,509,107
44,511,108
44,514,101
44,522,105
44,527,107
44,529,108
44,532,101
44,540,105
44,545,107
44,547,108
44,551,101
44,559,105
44,564,107
44,566,108
44,570,101
44,582,107
44,584,108
44,588,101
44,600,107
44,602,108
44,606,101
44,618,107
44,620,108
44,624,101
44,636,107
44,638,108
44,642,101
44,654,107
44,656,108
44,660,101
44,672,107
44,674,108
44,678,101
44,689,107
44,691,108
44,695,101
44,706,107
44,708,108
44,712,101
44,723,107
44,725,108
44,729,101
44,739,107
44,741,108
44,745,101
44,755,107
44,757,108
44,762,101
44,771,107
44,773,108
44,776,109
44,779,101
44,788,107
44,790,108
44,793,109
44,796,101
44,805,107
44,807,108
44,810,109
44,813,101
44,822,107
44,824,108
44,827,109
44,830,101
44,839,107
44,841,108
44,844,109
44,847,101
44,856,107
44,858,108
44,861,109
44,864,101
44,873,107
44,875,108
44,878,109
44,879,110
44,882,101
44,891,107
44,893,108
44,896,109
44,897,110
44,900,101
44,909,107
44,911,108
44,914,109
44,915,110
44,918,101
44,927,107
44,929,108
44,932,109
44,933,110
44,935,101
44,945,108
44,948,109
44,949,110
44,951,101
44,961,108
44,964,109
44,965,110
44,967,101
44,977,108
44,980,109
44,981,110
44,983,101
44,993,108
44,996,109
44,997,110
44,999,101
44,1009,108
44,1012,109
44,1013,110
44,1015,101
44,1024,108
44,1027,109
44,1028,110
44,1030,101
44,1039,108
44,1042,109
44,1043,110
44,1045,101
44,1054,108
44,1057,109
44,1058,110
44,1060,101
44,1069,108
44,1072,109
44,1073,110
44,1075,101
44,1084,108
44,1087,109
44,1088,110
44,1090,101
44,1099,108
44,1102,109
44,1103,110
44,1105,101
44,1114,108
44,1117,109
44,1118,110
44,1120,101
44,1128,108
44,1131,109
44,1132,110
44,1134,101
44,1142,108
44,1145,109
44,1146,110
44,1148,101
44,1156,108
44,1159,109
44,1160,110
44,1162,101
44,1170,108
44,1173,109
44,1174,110
44,1176,101
44,1184,108
44,1187,109
44,1188,110
44,1190,101
44,1200,109
44,1201,110
44,1203,101
44,1213,109
44,1214,110
44,1216,101
44,1226,109
44,1227,110
44,1229,101
44,1239,109
44,1240,110
44,1242,101
44,1252,109
44,1253,110
44,1255,101
44,1265,109
44,1266,110
44,1268,101
44,1278,109
44,1279,110
44,1281,101
44,1291,109
44,1292,110
44,1294,101
44,1304,109
44,1305,110
44,1307,101
44,1317,109
44,1318,110
44,1320,101
44,1330,109
44,1331,110
44,1333,101
44,1343,109
44,1344,110
44,1346,101
44,1356,109
44,1357,110
44,1359,101
44,1369,109
44,1370,110
44,1372,101
44,1382,110
44,1384,101
44,1394,110
44,1396,101
44,1406,110
44,1408,101
44,1418,110
44,1420,101
44,1430,110
44,1432,101
44,1441,110
44,1443,101
44,1452,110
44,1454,101
44,1462,110
44,1464,101
44,1472,110
44,1474,101
44,1482,110
44,1484,101
44,1492,110
44,1494,101
44,1503,101
44,1512,101
44,1521,101
44,1530,101
44,1539,101
44,1547,101
44,1555,101
44,1563,101
44,1571,101
44,1579,101
44,1587,101
44,1595,101
44,1603,101
44,1611,101
44,1619,101
44,1627,101
44,1635,101
44,1643,101
44,1651,101
44,1659,101
44,1667,101
44,1675,101
44,1683,101
44,1691,101
44,1699,101
44,1707,101
44,1715,101
44,1723,101
44,1731,101
44,1739,101
44,1747,101
44,1755,101
44,1763,101
44,1771,101
44,1779,101
44,1787,101
44,1795,101
44,1803,101
44,1811,101
44,1819,101
44,1827,101
44,1835,101
44,1843,101
44,1851,101
44,1859,101
44,1867,101
44,1875,101
44,1883,101
44,1892,101
44,1901,101
44,1910,101
44,1919,101
44,1928,101
44,1937,101
44,1946,101
44,1955,101
44,1964,101
44,1973,101
44,1982,101
44,1991,101
44,2000,101
44,2010,101
44,2020,101
44,2030,101
44,2040,101
44,2050,101
44,2060,101
44,2070,101
44,2080,101
44,2090,101
44,2100,101
44,2110,101
44,2120,101
44,2130,101
44,2140,101
44,2151,101
44,2162,101
44,2173,101
44,2184,101
44,2195,101
44,2206,101
44,2217,101
44,2228,101
44,2239,101
44,2250,101
44,2261,101
44,2272,101
44,2283,101
44,2294,101
44,2305,101
44,2316,101
44,2327,101
44,2338,101
44,2349,101
44,2360,101
44,2371,101
44,2382,101
44,2393,101
44,2404,101
44,2415,101
44,2426,101
44,2437,101
44,2448,101
44,2459,101
44,2470,101
44,2481,101
44,2492,101
44,2503,101
44,2515,101
44,2527,101
44,2539,101
44,2551,101
44,2563,101
44,2575,101
44,2587,101
44,2599,101
44,2611,101
44,2623,101
44,2635,101
44,2647,101
44,2658,101
44,2670,101
44,2682,101
44,2694,101
44,2706,101
44,2717,101
44,2728,101
44,2739,101
44,2750,101
44,2761,101
44,2772,101
44,2783,101
44,2794,101
44,2805,101
44,2816,101
44,2827,101
44,2838,101
44,2849,101
44,2860,101
44,2871,101
44,2882,101
44,2894,101
44,2906,101
44,2918,101
44,2930,101
44,2942,101
44,2954,101
44,2966,101
44,2978,101
44,2990,101
44,3003,101
44,3016,101
44,3029,101
44,3042,101
44,3054,101
44,3067,101
44,3080,101
44,3093,101
44,3106,101
44,3119,101
44,3132,101
44,3145,101
44,3158,101
44,3171,101
44,3184,101
44,3197,101
44,3211,101
44,3225,101
44,3239,101
44,3253,101
44,3267,101
44,3281,101
44,3295,101
44,3309,101
44,3323,101
44,3337,101
44,3351,101
44,3365,101
44,3379,101
44,3393,101
44,3407,101
44,3421,101
44,3434,101
44,3447,101
44,3461,101
44,3475,101
44,3489,101
44,3503,101
44,3516,101
44,3529,101
44,3542,101
44,3555,101
44,3568,101
44,3581,101
44,3594,101
44,3607,101
44,3620,112
44,3621,101
44,3634,112
44,3635,101
44,3648,112
44,3650,101
44,3663,112
44,3665,101
44,3678,112
44,3680,101
44,3693,112
44,3695,101
44,3708,112
44,3710,101
44,3723,112
44,3725,101
44,3738,112
44,3740,101
44,3753,112
44,3755,101
44,3768,112
44,3770,101
44,3783,112
44,3785,101
44,3798,112
44,3800,101
44,3812,112
44,3814,101
44,3826,112
44,3828,101
44,3840,112
44,3842,101
44,3854,112
44,3856,101
44,3868,112
44,3870,101
44,3882,112
44,3885,101
44,3897,112
44,3900,101
44,3912,112
44,3915,101
44,3927,112
44,3930,101
44,3942,112
44,3945,101
44,3957,112
44,3960,101
44,3972,112
44,3975,101
44,3986,112
44,3989,101
44,4000,112
44,4003,101
44,4014,112
44,4017,101
44,4028,112
44,4031,101
44,4042,112
44,4045,101
44,4056,112
44,4060,101
44,4071,112
44,4075,101
44,4086,112
44,4090,101
44,4101,112
44,4105,101
44,4116,112
44,4120,101
44,4131,112
44,4135,101
44,4146,112
44,4150,101
44,4161,112
44,4165,101
44,4176,112
44,4180,101
44,4194,101
44,4208,101
44,4221,101
44,4234,101
44,4247,101
44,4260,101
44,4273,101
44,4286,101
44,4298,101
44,4310,101
44,4322,101
44,4334,101
44,4346,101
44,4358,101
44,4371,101
44,4384,101
44,4397,101
44,4410,101
44,4423,101
44,4436,101
44,4449,101
44,4462,101
44,4474,101
44,4486,101
44,4498,101
44,4510,101
44,4522,101
44,4534,101
44,4546,101
44,4558,101
44,4570,101
44,4582,101
44,4594,101
44,4606,101
44,4618,101
44,4630,101
44,4642,101
44,4654,101
44,4666,101
44,4678,101
44,4691,101
44,4704,101
44,4717,101
44,4730,101
44,4743,101
44,4756,101
44,4769,101
44,4782,101
44,4795,101
44,4808,101
44,4821,101
44,4834,101
44,4847,101
44,4860,101
44,4873,101
44,4886,101
44,4899,101
44,4912,101
44,4925,101
44,4938,101
44,4951,101
44,4964,101
44,4977,101
44,4990,101
44,5003,101
44,5016,101
44,5029,101
44,5042,101
44,5055,101
44,5068,101
44,5080,101
44,5092,101
44,5103,101
44,5114,101
44,5125,101
44,5136,101
44,5147,101
44,5158,101
44,5169,101
44,5180,101
44,5191,101
44,5202,101
44,5213,101
44,5224,101
44,5235,101
44,5246,101
44,5257,101
44,5268,101
44,5279,101
44,5290,101
44,5301,101
44,5312,101
44,5323,101
44,5334,101
44,5345,101
44,5356,101
44,5367,101
44,5378,101
44,5389,101
44,5400,101
44,5411,101
44,5422,101
44,5433,101
44,5444,101
44,5455,101
44,5466,101
44,5477,101
44,5488,101
44,5499,101
44,5510,101
44,5521,101
44,5532,101
44,5543,101
44,5554,101
44,5565,101
44,5576,101
44,5587,101
44,5598,101
44,5609,101
44,5620,101
44,5631,101
44,5642,101
44,5653,101
44,5664,101
44,5675,101
44,5686,101
44,5697,101
44,5708,101
44,5718,101
44,5728,101
44,5738,101
44,5748,101
44,5758,101
44,5768,101
44,5778,101
44,5788,101
44,5798,101
44,5808,101
44,5818,101
44,5828,101
44,5838,101
44,5848,101
44,5858,101
44,5869,101
44,5880,101
44,5891,101
44,5902,101
44,5913,101
44,5924,101
44,5935,101
44,5946,101
44,5957,101
44,5968,101
44,5979,101
44,5990,101
44,6001,101
44,6012,101
44,6023,101
44,6034,101
44,6045,101
44,6056,101
44,6067,101
44,6078,101
44,6089,101
44,6100,101
44,6111,101
44,6122,101
44,6133,101
44,6143,101
44,6153,101
44,6163,101
44,6173,101
44,6183,101
44,6193,101
44,6203,101
44,7310,114
44,7318,114
44,7326,114
44,7334,114
44,7342,114
44,7350,114
44,7357,114
44,7364,114
44,7371,114
44,7378,114
44,7386,114
44,7394,114
44,7402,114
44,7410,114
44,7418,114
44,7426,114
44,7434,114
44,7442,114
44,7450,114
44,7458,114
44,7466,114
44,7474,114
44,7482,114
44,7490,114
44,7498,114
44,7506,114
44,7514,114
44,7522,114
44,7530,114
44,7538,114
44,7546,114
44,7554,114
44,7562,114
44,7570,114
44,7578,114
44,7586,114
44,7594,114
44,7602,114
44,7610,114
44,7618,114
44,7626,114
44,7634,114
44,7642,114
44,7650,114
44,7658,114
44,7666,114
44,7674,114
44,7682,114
44,7690,114
44,7698,114
44,7706,114
44,7714,114
44,7722,114
44,7730,114
44,12185,155
44,12196,155
44,12206,155
44,12216,155
44,12226,155
44,12236,155
44,12246,155
44,12256,155
44,12266,155
44,12276,155
44,12286,155
44,12296,155
44,12306,155
44,12316,155
44,12325,155
44,12334,155
44,12342,155
44,12351,155
44,12360,155
44,12369,155
44,12378,155
44,12387,155
44,12396,155
44,12405,155
44,12415,155
44,12424,155
44,12433,155
44,12443,155
44,12453,155
44,12463,155
44,12472,155
44,12480,155
44,12488,155
44,12496,155
44,12505,155
44,12514,155
44,12524,155
44,12534,155
44,12544,155
44,12554,155
44,12564,155
44,12574,155
44,12584,155
44,12594,155
44,12604,155
44,12614,155
44,12623,155
44,12632,155
44,12641,155
44,12650,155
44,13038,152
44,13048,152
44,13058,152
44,13068,152
44,13078,152
44,13088,152
44,13098,152
44,13107,152
44,13116,152
44,13125,152
44,13134,152
44,13143,152
44,13153,152
44,13163,152
44,13173,152
44,13182,152
44,13191,152
44,13200,152
44,13209,152
44,13218,152
44,13227,152
44,13236,152
44,13245,152
44,13254,152
44,13263,152
44,13272,152
44,13281,152
44,13290,152
44,13299,152
44,13308,152
44,13317,152
44,13327,152
44,13337,152
44,13347,152
44,13357,152
44,13367,152
44,13377,152
44,13387,152
44,13396,152
44,13405,152
44,13414,152
44,13423,152
44,13432,152
44,13441,152
44,13450,152
44,13459,152
44,13468,152
44,13476,152
44,13484,152
44,13492,152
44,13500,152
44,13508,152
44,13516,152
44,13524,152
44,13532,152
44,13540,152
44,13548,152
44,13556,152
44,13564,152
44,13572,152
44,13580,152
44,13588,152
44,13592,137
44,13600,137
44,13608,137
44,13616,137
44,13624,137
44,13632,137
44,13640,137
44,13648,137
44,13656,137
44,13664,137
44,13672,137
44,13680,137
44,13688,137
44,13696,137
44,13704,137
44,13712,137
44,13720,137
44,13728,137
44,13736,137
44,13745,137
44,13754,137
44,13763,137
44,13772,137
44,13781,137
44,13790,137
44,13798,137
44,13806,137
44,13814,137
44,13822,137
44,13830,137
44,13838,137
44,13846,137
44,13854,137
44,13862,137
44,13870,137
44,13878,137
44,13886,137
44,13894,137
44,13902,137
44,13910,137
44,13918,137
44,13926,137
44,13934,137
44,13942,137
44,13950,137
44,13958,137
44,13966,137
44,13974,137
44,13982,137
44,13990,137
44,13998,137
44,14006,137
44,14014,137
44,14022,137
44,14030,137
44,14038,137
44,14046,137
44,14054,137
44,14062,137
44,14070,137
44,14078,137
44,14086,137
44,14094,137
44,14102,137
44,14110,137
44,14118,137
44,14126,137
44,14134,137
44,14142,137
44,14150,137
44,14158,137
44,14166,137
44,14174,137
44,14182,137
44,14190,137
44,14198,137
44,14206,137
44,14214,137
44,14222,137
44,14230,137
44,14238,137
44,14246,137
44,14254,137
44,15638,158
44,15649,158
44,15660,158
44,15671,158
44,15682,158
44,15693,158
44,15704,158
44,15715,158
44,15716,124
44,15727,158
44,15728,124
44,15739,158
44,15740,124
44,15751,158
44,15752,124
44,15763,158
44,15764,124
44,15775,158
44,15776,124
44,15787,158
44,15788,124
44,15799,158
44,15800,124
44,15811,158
44,15812,124
44,15823,158
44,15824,124
44,15835,158
44,15836,124
44,15846,158
44,15847,124
44,15857,158
44,15858,124
44,15868,158
44,15869,124
44,15879,158
44,15880,124
44,15890,158
44,15891,124
44,15901,158
44,15902,124
44,15912,158
44,15913,124
44,15922,158
44,15923,124
44,15932,158
44,15933,124
44,15942,158
44,15943,124
44,15952,158
44,15953,124
44,15962,158
44,15963,124
44,15972,158
44,15973,124
44,15982,158
44,15983,124
44,15992,158
44,15993,124
44,16002,158
44,16003,124
44,16012,158
44,16013,124
44,16022,158
44,16023,124
44,16032,158
44,16033,124
44,16042,158
44,16043,124
44,16052,158
44,16053,124
44,16062,158
44,16063,124
44,16072,158
44,16073,124
44,16083,158
44,16084,124
44,16094,158
44,16095,124
44,16105,158
44,16106,124
44,16116,158
44,16117,124
44,16127,158
44,16128,124
44,16138,158
44,16139,124
44,16149,158
44,16150,124
44,16160,158
44,16161,124
44,16171,158
44,16172,124
44,16182,158
44,16183,124
44,16193,158
44,16194,124
44,16204,158
44,16205,124
44,16215,158
44,16216,124
44,16225,158
44,16226,124
44,16235,158
44,16236,124
44,16245,158
44,16246,124
44,16255,158
44,16256,124
44,16265,158
44,16266,124
44,16275,158
44,16276,124
44,16286,158
44,16287,124
44,16297,158
44,16298,124
44,16308,158
44,16309,124
44,16319,158
44,16320,124
44,16330,158
44,16331,124
44,16341,158
44,16342,124
44,16351,158
44,16352,124
44,16361,158
44,16362,124
44,16371,158
44,16372,124
44,16381,158
44,16382,124
44,16391,158
44,16392,124
44,16401,158
44,16402,124
44,16411,158
44,16412,124
44,16421,158
44,16422,124
44,16431,158
44,16432,124
44,16441,158
44,16442,124
44,16451,158
44,16452,124
44,16461,158
44,16462,124
44,16471,158
44,16472,124
44,16481,158
44,16482,124
44,16491,158
44,16492,124
44,16500,158
44,16501,124
44,16509,158
44,16510,124
44,16518,158
44,16519,124
44,16526,158
44,16527,124
44,16534,158
44,16535,124
44,16542,158
44,16543,124
44,16550,158
44,16551,124
44,16558,158
44,16559,124
44,16566,158
44,16567,124
44,16574,158
44,16575,124
44,16582,158
44,16583,124
44,16590,158
44,16591,124
44,16599,158
44,16600,124
44,16608,158
44,16609,124
44,16617,158
44,16618,124
44,16626,158
44,16627,124
44,16635,158
44,16636,124
44,16644,158
44,16645,124
44,16653,158
44,16654,124
44,16662,158
44,16663,124
44,16671,158
44,16672,124
44,16679,158
44,16680,124
44,16687,158
44,16688,124
44,16695,158
44,16696,124
44,16704,158
44,16705,124
44,16713,158
44,16714,124
44,16722,158
44,16723,124
44,16731,158
44,16732,124
44,16740,158
44,16741,124
44,16749,158
44,16750,124
44,16758,158
44,16759,124
44,16768,158
44,16769,124
44,16778,158
44,16779,124
44,16788,158
44,16789,124
44,16798,158
44,16799,124
44,16808,158
44,16809,124
44,16818,158
44,16819,124
44,16827,158
44,16828,124
44,16836,158
44,16837,124
44,16845,158
44,16846,124
44,16854,158
44,16855,124
44,16863,158
44,16864,124
44,16872,158
44,16873,124
44,16881,158
44,16882,124
44,16890,158
44,16891,124
44,16899,158
44,16900,124
44,16908,158
44,16909,124
44,16917,158
44,16918,124
44,16926,158
44,16927,124
44,16934,158
44,16935,124
44,16941,158
44,16942,124
44,16948,158
44,16949,124
44,16955,158
44,16956,124
44,16962,158
44,16963,124
44,16969,158
44,16970,124
44,16976,158
44,16977,124
44,16983,158
44,16984,124
44,16990,158
44,16991,124
44,16997,158
44,16998,124
44,17004,158
44,17005,124
44,17011,158
44,17017,158
44,17023,158
44,17029,158
44,17035,158
44,17041,158
44,17047,158
44,17053,158
44,17059,158
44,17065,158
44,17071,158
44,17076,158
44,17081,158
44,17086,158
44,17091,158
44,17096,158
44,17101,158
44,17106,158
44,17111,158
44,17116,158
44,17121,158
44,17126,158
44,17131,158
44,17137,158
44,17143,158
44,17149,158
44,17155,158
44,17161,158
44,17167,158
44,17173,158
44,17179,158
44,17185,158
44,17191,158
44,17197,158
44,17203,158
44,17209,158
44,17214,158
44,17220,158
44,17227,158
44,17234,158
44,17241,158
44,17248,158
44,17255,158
44,17262,158
44,17269,158
44,17276,158
44,17284,158
44,17292,158
44,17300,158
44,17308,158
44,17317,158
44,17326,158
44,17335,158
44,17344,158
44,17353,158
44,17362,158
44,17371,158
44,17380,158
44,17389,158
44,17398,158
44,17407,158
44,17416,158
44,17425,158
44,17434,158
44,17443,158
44,17451,158
44,17459,158
44,17468,158
44,17477,158
44,17486,158
44,17495,158
44,17504,158
44,17513,158
44,17522,158
44,17531,158
44,17540,158
44,17549,158
44,17558,158
44,17566,158
44,17574,158
44,17582,158
44,17590,158
44,17598,158
44,17606,158
44,17614,158
44,17622,158
44,17629,158
44,17636,158
44,17643,158
44,17650,158
45,894,124
45,905,124
45,916,124
45,927,124
45,938,124
45,948,124
45,958,124
45,968,124
45,978,124
45,988,124
45,998,124
45,1008,124
45,1018,124
45,1028,124
45,1038,124
45,1048,124
45,1058,124
45,1067,124
45,1076,124
45,1084,124
45,1092,124
45,1100,124
45,1108,124
45,1116,124
45,1124,124
45,1132,124
45,1140,124
45,1148,124
45,1157,124
45,1166,124
45,1174,124
45,1182,124
45,1190,124
45,1198,124
45,1206,124
45,1214,124
45,1223,124
45,1232,124
45,1241,124
45,1250,124
45,1259,124
45,1268,124
45,1277,124
45,1287,124
45,1297,124
45,1307,124
45,1316,124
45,1325,124
45,1334,124
45,1343,124
45,1352,124
45,1361,124
45,1370,124
45,1379,124
45,1388,124
45,1397,124
45,1405,124
45,1413,124
45,1421,124
45,1430,124
45,1439,124
45,1450,124
45,1460,124
45,1470,124
45,1480,124
45,1490,124
45,1500,124
45,1510,124
45,1520,124
45,1530,124
45,1540,124
45,1550,124
45,1560,124
45,2716,102
45,2727,102
45,2738,102
45,2748,102
45,2758,102
45,2768,102
45,2769,105
45,2779,102
45,2780,105
45,2790,102
45,2791,105
45,2801,102
45,2802,105
45,2812,102
45,2813,105
45,2822,102
45,2823,105
45,2832,102
45,2833,105
45,2842,102
45,2843,105
45,2852,102
45,2853,105
45,2862,102
45,2863,105
45,2872,102
45,2873,105
45,2882,102
45,2883,105
45,2892,102
45,2893,105
45,2902,102
45,2903,105
45,2912,102
45,2913,105
45,2922,102
45,2923,105
45,2924,107
45,2933,102
45,2934,105
45,2935,107
45,2945,102
45,2946,105
45,2947,107
45,2956,102
45,2957,105
45,2958,107
45,2967,102
45,2968,105
45,2969,107
45,2978,102
45,2979,105
45,2980,107
45,2989,102
45,2990,105
45,2991,107
45,3000,102
45,3001,105
45,3002,107
45,3011,102
45,3012,105
45,3013,107
45,3022,102
45,3023,105
45,3024,107
45,3033,102
45,3034,105
45,3035,107
45,3044,102
45,3045,105
45,3046,107
45,3055,102
45,3056,105
45,3057,107
45,3066,102
45,3067,105
45,3068,107
45,3077,102
45,3078,105
45,3079,107
45,3088,102
45,3089,105
45,3090,107
45,3099,102
45,3100,105
45,3101,107
45,3110,102
45,3111,105
45,3112,107
45,3114,108
45,3122,102
45,3123,105
45,3124,107
45,3126,108
45,3134,102
45,3135,105
45,3136,107
45,3138,108
45,3146,102
45,3147,105
45,3148,107
45,3150,108
45,3157,102
45,3158,105
45,3159,107
45,3161,108
45,3168,102
45,3169,105
45,3170,107
45,3172,108
45,3179,105
45,3180,107
45,3182,108
45,3189,105
45,3190,107
45,3192,108
45,3199,105
45,3200,107
45,3202,108
45,3209,105
45,3210,107
45,3212,108
45,3219,107
45,3221,108
45,3228,107
45,3230,108
45,3237,107
45,3239,108
45,3246,107
45,3248,108
45,3255,107
45,3257,108
45,3264,107
45,3266,108
45,3273,107
45,3275,108
45,3282,107
45,3284,108
45,3292,107
45,3294,108
45,3302,107
45,3304,108
45,3312,107
45,3314,108
45,3321,107
45,3323,108
45,3325,109
45,3331,107
45,3333,108
45,3335,109
45,3341,107
45,3343,108
45,3345,109
45,3351,108
45,3353,109
45,3359,108
45,3361,109
45,3367,108
45,3369,109
45,3375,108
45,3377,109
45,3383,108
45,3385,109
45,3391,108
45,3393,109
45,3399,108
45,3401,109
45,3407,108
45,3409,109
45,3415,108
45,3417,109
45,3423,108
45,3425,109
45,3431,108
45,3433,109
45,3440,108
45,3442,109
45,3448,108
45,3450,109
45,3456,108
45,3458,109
45,3464,108
45,3466,109
45,3468,110
45,3473,109
45,3475,110
45,3480,109
45,3482,110
45,3487,109
45,3489,110
45,3494,109
45,3496,110
45,3501,109
45,3503,110
45,3508,109
45,3510,110
45,3515,109
45,3517,110
45,3522,109
45,3524,110
45,3529,109
45,3531,110
45,3536,109
45,3538,110
45,3543,109
45,3545,110
45,3550,109
45,3552,110
45,3557,109
45,3559,110
45,3564,109
45,3566,110
45,3571,109
45,3573,110
45,3578,109
45,3580,110
45,3585,109
45,3587,110
45,3592,109
45,3594,110
45,3599,109
45,3601,110
45,3607,109
45,3609,110
45,3615,109
45,3617,110
45,3623,109
45,3625,110
45,3631,109
45,3633,110
45,3639,109
45,3641,110
45,3648,110
45,3655,110
45,3662,110
45,3669,110
45,3676,110
45,3683,110
45,3690,110
45,3697,110
45,3704,110
45,3711,110
45,3718,110
45,3725,110
45,3732,110
45,3739,110
45,3746,110
45,3753,110
45,3760,110
45,4693,112
45,4700,112
45,4707,112
45,4714,112
45,4721,112
45,4727,112
45,4733,112
45,4739,112
45,4745,112
45,4751,112
45,4757,112
45,4763,112
45,4769,112
45,4775,112
45,4782,112
45,4789,112
45,4796,112
45,4803,112
45,4810,112
45,4817,112
45,4825,112
45,4833,112
45,4841,112
45,4849,112
45,4857,112
45,4865,112
45,4873,112
45,4881,112
45,4889,112
45,4897,112
45,4905,112
45,4913,112
45,4921,112
45,4929,112
45,4936,112
45,4943,112
45,4950,112
45,4957,112
45,4964,112
45,4971,112
45,4978,112
45,4985,112
45,4992,112
45,4998,112
45,5004,112
45,5010,112
45,5016,112
45,5022,112
45,5028,112
45,5034,112
45,5040,112
45,5046,112
45,5052,112
45,5058,112
45,5064,112
45,5070,112
45,5076,112
45,5082,112
45,5089,112
45,5096,112
45,5103,112
45,5110,112
45,5117,112
45,5124,112
45,5131,112
45,5138,112
45,5145,112
45,5153,112
45,5161,112
45,5169,112
45,5177,112
45,5185,112
45,5193,112
45,5202,112
45,5211,112
45,5220,112
45,5229,112
45,5238,112
45,5247,112
45,5255,112
45,5263,112
45,5271,112
45,5279,112
45,5287,112
45,5295,112
45,5303,112
45,5311,112
45,5319,112
45,5327,112
45,5335,112
45,5343,112
45,5352,112
45,5361,112
45,5370,112
45,5379,112
45,5389,112
45,5399,112
45,5409,112
45,5419,112
45,5429,112
45,5439,112
45,5448,112
45,5457,112
45,5466,112
45,5476,112
45,5486,112
45,5496,112
45,5506,112
45,5516,112
45,5526,112
45,5536,112
45,5546,112
45,5557,112
45,5568,112
45,5579,112
45,5590,112
45,5601,112
45,5612,112
45,5623,112
45,5634,112
45,5647,112
45,5660,112
45,5673,112
45,5686,112
45,5699,112
45,5712,112
45,5725,112
45,5738,112
45,5751,112
45,5764,112
45,5777,112
45,5790,112
45,5803,112
45,5816,112
45,5829,112
45,5842,112
45,5855,112
45,5868,112
45,5881,112
45,5894,112
45,5907,112
45,5919,112
45,5931,112
45,5944,112
45,5957,112
45,5970,112
45,5983,112
45,5996,112
45,6009,112
45,6022,112
45,6035,112
45,6049,112
45,6062,112
45,6075,112
45,6089,112
45,6103,112
45,6117,112
45,6131,112
45,6145,112
45,6159,112
45,6173,112
45,6187,112
45,6200,112
45,6213,112
45,6226,112
45,6239,112
45,6252,112
45,6265,112
45,6278,112
45,6291,112
45,6304,112
45,6317,112
45,6330,112
45,6344,112
45,6358,112
45,6372,112
45,6386,112
45,6400,112
45,6414,112
45,6428,112
45,6441,112
45,6454,112
45,6467,112
45,6479,112
45,6491,112
45,6503,112
45,6515,112
45,6526,112
45,6537,112
45,6549,112
45,6562,112
45,6575,112
45,6588,112
45,6601,112
45,6614,112
45,6627,112
45,6640,112
45,6653,112
45,6666,112
45,6679,112
45,6691,112
45,6703,112
45,6715,112
45,6727,112
45,6739,112
45,6751,112
45,6762,112
45,6774,112
45,6787,112
45,6800,112
45,6813,112
45,6826,112
45,6839,112
45,6852,112
45,6865,112
45,6878,112
45,6891,112
45,6904,112
45,6917,112
45,6930,112
45,6943,112
45,6956,112
45,6968,112
45,6980,112
45,6992,112
45,7004,112
45,7016,112
45,7028,112
45,7040,112
45,7052,112
45,7064,112
45,7076,112
45,7089,112
45,7102,112
45,7115,112
45,7128,112
45,7141,112
45,7154,112
45,7168,112
45,7182,112
45,7195,112
45,7208,112
45,7221,112
45,7234,112
45,7247,112
45,7260,112
45,7273,112
45,7286,112
45,7298,101
45,7300,112
45,7312,101
45,7314,112
45,7325,101
45,7327,112
45,7338,101
45,7340,112
45,7351,101
45,7353,112
45,7364,101
45,7366,112
45,7377,101
45,7380,112
45,7391,101
45,7394,112
45,7405,101
45,7408,112
45,7419,101
45,7422,112
45,7433,101
45,7436,112
45,7447,101
45,7450,112
45,7461,101
45,7464,112
45,7475,101
45,7478,112
45,7489,101
45,7492,112
45,7503,101
45,7506,112
45,7517,101
45,7520,112
45,7531,101
45,7534,112
45,7544,101
45,7547,112
45,7557,101
45,7560,112
45,7570,101
45,7573,112
45,7583,101
45,7586,112
45,7596,101
45,7599,112
45,7609,101
45,7612,112
45,7622,101
45,7625,112
45,7635,101
45,7638,112
45,7648,101
45,7651,112
45,7661,101
45,7664,112
45,7673,101
45,7677,112
45,7686,101
45,7690,112
45,7699,101
45,7703,112
45,7712,101
45,7717,112
45,7726,101
45,7731,112
45,7739,101
45,7744,112
45,7752,101
45,7757,112
45,7765,101
45,7770,112
45,7778,101
45,7783,112
45,7791,101
45,7796,112
45,7804,101
45,7809,112
45,7817,101
45,7822,112
45,7829,101
45,7834,112
45,7841,101
45,7846,112
45,7853,101
45,7858,112
45,7865,101
45,7870,112
45,7877,101
45,7882,112
45,7889,101
45,7894,112
45,7901,101
45,7906,112
45,7913,101
45,7918,112
45,7925,101
45,7930,112
45,7937,101
45,7943,112
45,7950,101
45,7956,112
45,7963,101
45,7969,112
45,7976,101
45,7982,112
45,7989,101
45,7995,112
45,8001,101
45,8007,112
45,8013,101
45,8019,112
45,8025,101
45,8031,112
45,8037,101
45,8043,112
45,8049,101
45,8055,112
45,8061,101
45,8067,112
45,8073,101
45,8079,112
45,8085,101
45,8091,112
45,8097,101
45,8103,112
45,8109,101
45,8115,112
45,8120,101
45,8127,112
45,8132,101
45,8139,112
45,8144,101
45,8151,112
45,8156,101
45,8163,112
45,8168,101
45,8175,112
45,8180,101
45,8187,112
45,8192,101
45,8199,112
45,8204,101
45,8211,112
45,8216,101
45,8223,112
45,8228,101
45,8235,112
45,8240,101
45,8247,112
45,8252,101
45,8259,112
45,8264,101
45,8271,112
45,8276,101
45,8283,112
45,8288,101
45,8295,112
45,8299,101
45,8306,112
45,8310,101
45,8317,112
45,8321,101
45,8329,112
45,8333,101
45,8341,112
45,8345,101
45,8353,112
45,8356,101
45,8364,112
45,8367,101
45,8375,112
45,8378,101
45,8386,112
45,8389,101
45,8397,112
45,8400,101
45,8408,112
45,8411,101
45,8419,112
45,8422,101
45,8430,112
45,8433,101
45,8441,112
45,8444,101
45,8452,112
45,8455,101
45,8463,112
45,8466,101
45,8474,112
45,8477,101
45,8485,112
45,8488,101
45,8498,112
45,8501,101
45,8510,112
45,8513,101
45,8522,112
45,8525,101
45,8534,112
45,8537,101
45,8546,112
45,8549,101
45,8558,112
45,8561,101
45,8570,112
45,8573,101
45,8582,112
45,8585,101
45,8593,112
45,8596,101
45,8604,112
45,8607,101
45,8615,112
45,8618,101
45,8626,112
45,8629,101
45,8637,112
45,8640,101
45,8649,112
45,8652,101
45,8661,112
45,8664,101
45,8673,112
45,8676,101
45,8685,112
45,8688,101
45,8697,112
45,8700,101
45,8710,112
45,8713,101
45,8724,112
45,8727,101
45,8738,112
45,8741,101
45,8752,112
45,8755,101
45,8766,112
45,8769,101
45,8779,112
45,8782,101
45,8792,112
45,8795,101
45,8805,112
45,8808,101
45,8818,112
45,8821,101
45,8831,112
45,8834,101
45,8843,112
45,8846,101
45,8855,112
45,8858,101
45,8867,112
45,8870,101
45,8879,112
45,8882,101
45,8891,112
45,8894,101
45,8903,112
45,8906,101
45,8915,112
45,8918,101
45,8928,112
45,8931,101
45,8941,112
45,8944,101
45,8954,112
45,8957,101
45,8967,112
45,8970,101
45,8980,112
45,8983,101
45,8993,112
45,8996,101
45,9006,112
45,9009,101
45,9019,112
45,9022,101
45,9032,112
45,9035,101
45,9045,112
45,9048,101
45,9058,112
45,9061,101
45,9071,112
45,9074,101
45,9084,112
45,9087,101
45,9097,112
45,9100,101
45,9110,112
45,9113,101
45,9123,112
45,9126,101
45,9136,112
45,9139,101
45,9149,112
45,9152,101
45,9162,112
45,9165,101
45,9175,112
45,9178,101
45,9188,112
45,9191,101
45,9200,155
45,9203,112
45,9206,101
45,9215,155
45,9218,112
45,9221,101
45,9230,155
45,9233,112
45,9236,101
45,9245,155
45,9248,112
45,9251,101
45,9260,155
45,9264,112
45,9267,101
45,9276,155
45,9280,112
45,9283,101
45,9292,155
45,9296,112
45,9299,101
45,9307,155
45,9311,112
45,9314,101
45,9322,155
45,9326,112
45,9329,101
45,9337,155
45,9342,112
45,9345,101
45,9353,155
45,9358,112
45,9361,101
45,9368,155
45,9373,112
45,9376,101
45,9383,155
45,9388,112
45,9391,101
45,9398,155
45,9403,112
45,9406,101
45,9413,155
45,9418,112
45,9421,101
45,9428,155
45,9433,112
45,9436,101
45,9443,155
45,9448,112
45,9451,101
45,9458,155
45,9463,112
45,9466,101
45,9473,155
45,9478,112
45,9481,101
45,9488,155
45,9493,112
45,9496,101
45,9503,155
45,9508,112
45,9511,101
45,9518,155
45,9523,112
45,9526,101
45,9533,155
45,9538,112
45,9541,101
45,9548,155
45,9555,112
45,9558,101
45,9565,155
45,9572,112
45,9575,101
45,9582,155
45,9589,112
45,9592,101
45,9599,155
45,9606,112
45,9609,101
45,9616,155
45,9624,112
45,9627,101
45,9633,155
45,9641,112
45,9644,101
45,9650,155
45,9658,112
45,9661,101
45,9667,155
45,9675,112
45,9678,101
45,9684,155
45,9692,112
45,9695,101
45,9701,155
45,9709,112
45,9712,101
45,9718,155
45,9727,112
45,9730,101
45,9736,155
45,9745,112
45,9748,101
45,9754,155
45,9763,112
45,9766,101
45,9772,155
45,9781,112
45,9784,101
45,9790,155
45,9799,112
45,9802,101
45,9808,155
45,9817,112
45,9820,101
45,9826,155
45,9835,112
45,9838,101
45,9844,155
45,9853,112
45,9856,101
45,9862,155
45,9871,112
45,9874,101
45,9879,155
45,9888,112
45,9891,101
45,9895,155
45,9905,112
45,9908,101
45,9912,155
45,9922,112
45,9925,101
45,9929,155
45,9939,112
45,9942,101
45,9946,155
45,9957,112
45,9960,101
45,9964,155
45,9975,112
45,9978,101
45,9982,155
45,9993,112
45,9995,101
45,9999,155
45,10010,112
45,10012,101
45,10016,155
45,10027,112
45,10029,101
45,10033,155
45,10043,112
45,10045,101
45,10048,155
45,10058,112
45,10060,101
45,10063,155
45,10073,112
45,10075,101
45,10078,155
45,10088,112
45,10090,101
45,10093,155
45,10103,112
45,10105,101
45,10108,155
45,10118,112
45,10120,101
45,10123,155
45,10133,112
45,10135,101
45,10138,155
45,10148,112
45,10150,101
45,10153,155
45,10163,112
45,10165,101
45,10168,155
45,10178,112
45,10180,101
45,10183,155
45,10193,112
45,10195,101
45,10198,155
45,10208,112
45,10210,101
45,10213,155
45,10223,112
45,10225,101
45,10228,155
45,10238,112
45,10240,101
45,10243,155
45,10252,112
45,10254,101
45,10257,155
45,10266,112
45,10268,101
45,10271,155
45,10280,112
45,10282,101
45,10285,155
45,10294,112
45,10296,101
45,10299,155
45,10309,112
45,10311,101
45,10314,155
45,10324,112
45,10326,101
45,10329,155
45,10339,112
45,10341,101
45,10344,155
45,10354,112
45,10356,101
45,10359,155
45,10369,112
45,10371,101
45,10374,155
45,10384,112
45,10386,101
45,10389,155
45,10399,112
45,10401,101
45,10413,112
45,10415,101
45,10427,112
45,10429,101
45,10441,112
45,10443,101
45,10455,112
45,10457,101
45,10469,112
45,10471,101
45,10483,112
45,10485,101
45,10497,112
45,10499,101
45,10511,112
45,10513,101
45,10526,112
45,10528,101
45,10541,112
45,10543,101
45,10556,112
45,10558,101
45,10570,114
45,10572,112
45,10574,101
45,10585,114
45,10587,112
45,10589,101
45,10600,114
45,10602,112
45,10604,101
45,10615,114
45,10618,112
45,10620,101
45,10631,114
45,10634,112
45,10636,101
45,10646,114
45,10649,112
45,10651,101
45,10661,114
45,10664,112
45,10666,101
45,10676,114
45,10679,112
45,10681,101
45,10690,114
45,10693,112
45,10695,101
45,10704,114
45,10709,112
45,10711,101
45,10720,114
45,10725,112
45,10727,101
45,10736,114
45,10741,112
45,10743,101
45,10752,114
45,10757,112
45,10759,101
45,10768,114
45,10773,112
45,10775,101
45,10784,114
45,10789,112
45,10791,101
45,10800,114
45,10805,112
45,10807,101
45,10816,114
45,10821,112
45,10823,101
45,10832,114
45,10837,112
45,10839,101
45,10848,114
45,10853,112
45,10855,101
45,10864,114
45,10869,112
45,10871,101
45,10880,114
45,10885,112
45,10887,101
45,10895,114
45,10900,112
45,10902,101
45,10910,114
45,10915,112
45,10917,101
45,10925,114
45,10930,112
45,10932,101
45,10939,114
45,10944,112
45,10946,101
45,10953,114
45,10957,152
45,10959,112
45,10961,101
45,10968,114
45,10972,152
45,10974,112
45,10976,101
45,10983,114
45,10987,152
45,10990,112
45,10992,101
45,10999,114
45,11003,152
45,11006,112
45,11008,101
45,11015,114
45,11019,152
45,11022,112
45,11024,101
45,11031,114
45,11035,152
45,11038,112
45,11040,101
45,11047,114
45,11051,152
45,11054,112
45,11056,101
45,11063,114
45,11067,152
45,11070,112
45,11072,101
45,11079,114
45,11083,152
45,11086,112
45,11088,101
45,11095,114
45,11099,152
45,11102,112
45,11104,101
45,11111,114
45,11115,152
45,11118,112
45,11120,101
45,11127,114
45,11131,152
45,11134,112
45,11136,101
45,11143,114
45,11147,152
45,11151,112
45,11153,101
45,11160,114
45,11164,152
45,11168,112
45,11170,101
45,11177,114
45,11181,152
45,11185,112
45,11187,101
45,11194,114
45,11198,152
45,11202,112
45,11204,101
45,11211,114
45,11215,152
45,11219,112
45,11221,101
45,11228,114
45,11232,152
45,11236,112
45,11238,101
45,11245,114
45,11249,152
45,11254,112
45,11256,101
45,11263,114
45,11267,152
45,11272,112
45,11274,101
45,11281,114
45,11285,152
45,11290,112
45,11292,101
45,11299,114
45,11303,152
45,11308,112
45,11310,101
45,11317,114
45,11321,152
45,11326,112
45,11328,101
45,11335,114
45,11339,152
45,11344,112
45,11346,101
45,11353,114
45,11357,152
45,11362,112
45,11364,101
45,11370,114
45,11374,152
45,11379,112
45,11381,101
45,11387,114
45,11391,152
45,11397,112
45,11399,101
45,11405,114
45,11409,152
45,11415,112
45,11417,101
45,11423,114
45,11427,152
45,11433,112
45,11435,101
45,11441,114
45,11445,152
45,11451,112
45,11453,101
45,11459,114
45,11463,152
45,11469,112
45,11471,101
45,11477,114
45,11480,152
45,11486,112
45,11488,101
45,11494,114
45,11497,152
45,11503,112
45,11505,101
45,11511,114
45,11514,152
45,11520,112
45,11522,101
45,11527,114
45,11530,152
45,11536,112
45,11538,101
45,11543,114
45,11546,152
45,11552,112
45,11554,101
45,11559,114
45,11562,152
45,11568,112
45,11570,101
45,11575,114
45,11578,152
45,11584,112
45,11586,101
45,11591,114
45,11594,152
45,11600,112
45,11602,101
45,11607,114
45,11610,152
45,11616,112
45,11618,101
45,11623,114
45,11626,152
45,11632,112
45,11634,101
45,11639,114
45,11642,152
45,11649,112
45,11651,101
45,11656,114
45,11658,152
45,11665,112
45,11667,101
45,11672,114
45,11674,152
45,11681,112
45,11683,101
45,11688,114
45,11690,152
45,11697,112
45,11699,101
45,11704,114
45,11706,152
45,11713,112
45,11715,101
45,11720,114
45,11722,152
45,11729,112
45,11731,101
45,11736,114
45,11738,152
45,11745,112
45,11747,101
45,11752,114
45,11754,152
45,11760,112
45,11762,101
45,11767,114
45,11769,152
45,11774,112
45,11776,101
45,11781,114
45,11783,152
45,11788,112
45,11790,101
45,11795,114
45,11797,152
45,11802,112
45,11804,101
45,11809,114
45,11811,152
45,11816,112
45,11818,101
45,11823,114
45,11825,152
45,11830,112
45,11832,101
45,11837,114
45,11839,152
45,11844,112
45,11846,101
45,11851,114
45,11853,152
45,11858,112
45,11860,101
45,11865,114
45,11867,152
45,11873,112
45,11875,101
45,11880,114
45,11882,152
45,11888,112
45,11890,101
45,11895,114
45,11902,112
45,11904,101
45,11909,114
45,11916,112
45,11918,101
45,11923,114
45,11930,112
45,11932,101
45,11937,114
45,11944,112
45,11946,101
45,11951,114
45,11958,112
45,11960,101
45,11965,114
45,11973,112
45,11975,101
45,11980,114
45,11988,112
45,11990,101
45,11995,114
45,12003,112
45,12005,101
45,12010,114
45,12017,112
45,12019,101
45,12024,114
45,12031,112
45,12033,101
45,12038,114
45,12045,112
45,12047,101
45,12052,114
45,12059,112
45,12061,101
45,12066,114
45,12073,112
45,12075,101
45,12080,114
45,12087,112
45,12089,101
45,12094,114
45,12100,112
45,12102,101
45,12107,114
45,12114,112
45,12116,101
45,12121,114
45,12128,112
45,12130,101
45,12135,114
45,12142,112
45,12144,101
45,12149,114
45,12156,112
45,12158,101
45,12163,114
45,12170,112
45,12172,101
45,12177,114
45,12184,112
45,12186,101
45,12191,114
45,12198,112
45,12200,101
45,12205,114
45,12212,112
45,12214,101
45,12219,114
45,12226,112
45,12228,101
45,12233,114
45,12240,112
45,12242,101
45,12247,114
45,12254,112
45,12256,101
45,12261,114
45,12268,112
45,12270,101
45,12275,114
45,12282,112
45,12284,101
45,12289,114
45,12296,112
45,12298,101
45,12303,114
45,12309,112
45,12311,101
45,12316,114
45,12322,112
45,12324,101
45,12329,114
45,12335,112
45,12337,101
45,12342,114
45,12348,112
45,12350,101
45,12355,114
45,12361,112
45,12363,101
45,12368,114
45,12374,112
45,12376,101
45,12381,114
45,12387,112
45,12389,101
45,12394,114
45,12400,112
45,12402,101
45,12407,114
45,12413,112
45,12415,101
45,12420,114
45,12426,112
45,12428,101
45,12433,114
45,12439,112
45,12441,101
45,12446,114
45,12453,112
45,12455,101
45,12460,114
45,12468,112
45,12470,101
45,12475,114
45,12483,112
45,12485,101
45,12490,114
45,12498,112
45,12500,101
45,12505,114
45,12513,112
45,12515,101
45,12520,114
45,12529,112
45,12531,101
45,12536,114
45,12545,112
45,12547,101
45,12552,114
45,12561,112
45,12563,101
45,12568,114
45,12577,112
45,12579,101
45,12584,114
45,12593,112
45,12595,101
45,12600,114
45,12609,112
45,12611,101
45,12616,114
45,12625,112
45,12627,101
45,12632,114
45,12642,112
45,12644,101
45,12649,114
45,12659,112
45,12661,101
45,12666,114
45,12676,112
45,12678,101
45,12683,114
45,12693,112
45,12695,101
45,12700,114
45,12710,112
45,12712,101
45,12717,114
45,12725,137
45,12727,112
45,12729,101
45,12734,114
45,12742,137
45,12744,112
45,12746,101
45,12751,114
45,12759,137
45,12761,112
45,12763,101
45,12768,114
45,12776,137
45,12778,112
45,12780,101
45,12785,114
45,12793,137
45,12795,112
45,12797,101
45,12802,114
45,12810,137
45,12812,112
45,12814,101
45,12819,114
45,12827,137
45,12829,112
45,12831,101
45,12836,114
45,12844,137
45,12846,112
45,12848,101
45,12853,114
45,12861,137
45,12863,112
45,12865,101
45,12870,114
45,12878,137
45,12881,112
45,12883,101
45,12888,114
45,12896,137
45,12899,112
45,12901,101
45,12906,114
45,12914,137
45,12917,112
45,12919,101
45,12924,114
45,12932,137
45,12935,112
45,12937,101
45,12941,114
45,12949,137
45,12952,112
45,12954,101
45,12958,114
45,12966,137
45,12969,112
45,12971,101
45,12975,114
45,12983,137
45,12986,112
45,12988,101
45,12992,114
45,13000,137
45,13003,112
45,13005,101
45,13009,114
45,13017,137
45,13020,112
45,13022,101
45,13026,114
45,13034,137
45,13037,112
45,13039,101
45,13043,114
45,13051,137
45,13054,112
45,13056,101
45,13060,114
45,13068,137
45,13073,112
45,13075,101
45,13079,114
45,13087,137
45,13092,112
45,13094,101
45,13098,114
45,13106,137
45,13111,112
45,13113,101
45,13117,114
45,13125,137
45,13130,112
45,13132,101
45,13136,114
45,13144,137
45,13149,112
45,13151,101
45,13155,114
45,13163,137
45,13168,112
45,13170,101
45,13173,114
45,13181,137
45,13186,112
45,13188,101
45,13191,114
45,13199,137
45,13204,112
45,13206,101
45,13209,114
45,13217,137
45,13222,112
45,13224,101
45,13227,114
45,13234,137
45,13239,112
45,13241,101
45,13244,114
45,13251,137
45,13256,112
45,13258,101
45,13261,114
45,13268,137
45,13274,112
45,13276,101
45,13279,114
45,13286,137
45,13293,101
45,13296,114
45,13303,137
45,13310,101
45,13313,114
45,13320,137
45,13328,101
45,13331,114
45,13345,101
45,13348,114
45,13363,101
45,13366,114
45,13380,101
45,13383,114
45,13397,101
45,13400,114
45,13414,101
45,13417,114
45,13432,101
45,13435,114
45,13450,101
45,13453,114
45,13468,101
45,13471,114
45,13486,101
45,13489,114
45,13504,101
45,13507,114
45,13522,101
45,13525,114
45,13540,101
45,13543,114
45,13559,114
45,13575,114
45,13591,114
45,13607,114
45,13623,114
45,13639,114
45,13654,114
45,13669,114
45,13684,114
45,13699,114
45,13714,114
45,13729,114
45,13744,114
45,13759,114
45,13774,114
45,13789,114
45,13803,114
45,13817,114
45,13831,114
45,13845,114
45,13859,114
45,13873,114
45,13887,114
45,13901,114
45,13916,114
45,13931,114
45,13946,114
45,13961,114
45,13976,114
45,13991,114
45,14006,114
45,14020,114
45,15697,158
45,15706,158
45,15715,158
45,15724,158
45,15733,158
45,15742,158
45,15751,158
45,15760,158
45,15769,158
45,15778,158
45,15787,158
45,15796,158
45,15805,158
45,15814,158
45,15823,158
45,15832,158
45,15833,124
45,15842,158
45,15843,124
45,15852,158
45,15853,124
45,15862,158
45,15863,124
45,15872,158
45,15873,124
45,15882,158
45,15883,124
45,15892,158
45,15893,124
45,15902,158
45,15903,124
45,15912,158
45,15913,124
45,15922,158
45,15923,124
45,15932,158
45,15933,124
45,15942,158
45,15943,124
45,15952,158
45,15953,124
45,15962,158
45,15963,124
45,15972,158
45,15973,124
45,15982,158
45,15983,124
45,15992,158
45,15993,124
45,16002,158
45,16003,124
45,16012,158
45,16013,124
45,16022,158
45,16023,124
45,16032,158
45,16033,124
45,16042,124
45,16051,124
45,16060,124
45,16069,124
45,16078,124
45,16087,124
45,16096,124
45,16105,124
45,16114,124
45,16123,124
45,16132,124
45,16141,124
45,16150,124
45,16159,124
46,5,137
46,17,137
46,29,137
46,41,137
46,53,137
46,65,137
46,77,137
46,89,137
46,101,137
46,112,137
46,123,137
46,134,137
46,145,137
46,156,137
46,167,137
46,178,137
46,189,137
46,200,137
46,211,137
46,222,137
46,233,137
46,244,137
46,255,137
46,265,137
46,275,137
46,285,137
46,295,137
46,303,137
46,311,137
46,319,137
46,327,137
46,335,137
46,343,137
46,350,137
46,357,137
46,364,137
46,371,137
46,378,137
46,384,137
46,390,137
46,396,137
46,402,137
46,408,137
46,414,137
46,420,137
46,426,137
46,432,137
46,438,137
46,444,137
46,450,137
46,456,137
46,462,137
46,468,137
46,474,137
46,480,137
46,486,137
46,492,137
46,498,137
46,505,137
46,512,137
46,518,137
46,524,137
46,530,137
46,536,137
46,542,137
46,548,137
46,554,137
46,560,137
46,567,137
46,574,137
46,581,137
46,588,137
46,595,137
46,602,137
46,610,137
46,618,137
46,626,137
46,634,137
46,642,137
46,650,137
46,658,137
46,667,137
46,676,137
46,685,137
46,694,137
46,703,137
46,712,137
46,720,137
46,728,137
46,736,137
46,744,137
46,752,137
46,760,137
46,768,137
46,776,137
46,784,137
46,792,137
46,800,137
46,808,137
46,816,137
46,824,137
46,832,137
46,840,137
46,848,137
46,856,137
46,864,137
46,871,137
46,878,137
46,885,137
46,892,137
46,898,137
46,904,137
46,910,137
46,915,137
46,920,137
46,925,137
46,930,137
46,935,137
46,940,137
46,945,137
46,950,137
46,955,137
46,960,137
46,965,137
46,970,137
46,975,137
46,980,137
46,985,137
46,990,137
46,995,137
46,1000,137
46,1005,137
46,1010,137
46,1015,137
46,1020,137
46,1025,137
46,1029,137
46,1033,137
46,1036,137
46,1039,137
46,1042,137
46,1045,137
46,1048,137
46,1051,137
46,1054,137
46,1057,137
46,1060,137
46,1063,137
46,1066,137
46,1069,137
46,1072,137
46,1075,137
46,1079,137
46,1083,137
46,1087,137
46,1090,137
46,1094,137
46,1098,137
46,1102,137
46,1106,137
46,1110,137
46,1114,137
46,1118,137
46,1122,137
46,1126,137
46,1130,137
46,1134,137
46,1138,137
46,1142,137
46,1146,137
46,1150,137
46,1154,137
46,1158,137
46,1162,137
46,1166,137
46,1170,137
46,1174,137
46,1178,137
46,1182,137
46,1186,137
46,1190,137
46,1194,137
46,1198,137
46,1202,137
46,1206,137
46,1210,137
46,1214,137
46,1218,137
46,1222,137
46,1226,137
46,1230,137
46,1234,137
46,1238,137
46,1242,137
46,1246,137
46,1250,137
46,1254,137
46,1258,137
46,1261,137
46,1264,137
46,1267,137
46,1270,137
46,1273,137
46,1276,137
46,1279,137
46,1282,137
46,1285,137
46,1288,137
46,1291,137
46,1294,137
46,1297,137
46,1300,137
46,1303,137
46,1306,137
46,1309,137
46,1312,137
46,1315,137
46,1318,137
46,1321,137
46,1324,137
46,1327,137
46,1330,137
46,1333,137
46,1337,137
46,1341,137
46,1345,137
46,1349,137
46,1354,137
46,1359,137
46,1364,137
46,1369,137
46,1375,137
46,1381,137
46,1387,137
46,1393,137
46,1400,137
46,1407,137
46,1414,137
46,1421,137
46,1428,137
46,1435,137
46,1442,137
46,1449,137
46,1456,137
46,1463,137
46,1470,137
46,1477,137
46,1484,137
46,1491,137
46,1498,137
46,1505,137
46,1512,137
46,1519,137
46,1526,137
46,1533,137
46,1540,137
46,1547,137
46,1554,137
46,1561,137
46,1568,137
46,1575,137
46,1583,137
46,1591,137
46,1599,137
46,1607,137
46,1615,137
46,1623,137
46,1631,137
46,1639,137
46,1647,137
46,1655,137
46,1662,137
46,1669,137
46,1676,137
46,1683,137
46,1690,137
46,1697,137
46,1704,137
46,1711,137
46,1718,137
46,1725,137
46,1732,137
46,1739,137
46,1746,137
46,1753,137
46,1760,137
46,1767,137
46,1774,137
46,1782,137
46,1790,137
46,1798,137
46,1806,137
46,1814,137
46,1822,137
46,1830,137
46,1838,137
46,1846,137
46,1854,137
46,1862,137
46,1870,137
46,1879,137
46,1888,137
46,1897,137
46,1906,137
46,1915,137
46,1924,137
46,1933,137
46,1942,137
46,1951,137
46,1960,137
46,1969,137
46,1976,137
46,1983,137
46,1990,137
46,1997,137
46,2004,137
46,2011,137
46,2018,137
46,2025,137
46,2032,137
46,2039,137
46,2046,137
46,2053,137
46,2060,137
46,2067,137
46,2075,137
46,2082,137
46,2089,137
46,2096,137
46,2104,137
46,2112,137
46,2120,137
46,2128,137
46,2136,137
46,2144,137
46,2152,137
46,2160,137
46,2167,137
46,2174,137
46,2181,137
46,2188,137
46,2195,137
46,2202,137
46,2209,137
46,2216,137
46,2223,137
46,2231,137
46,2239,137
46,2247,137
46,2255,137
46,2263,137
46,2272,137
46,2281,137
46,2290,137
46,2299,137
46,2308,137
46,2317,137
46,2325,137
46,2333,137
46,2341,137
46,2349,137
46,2357,137
46,2365,137
46,2372,137
46,2379,137
46,2386,137
46,2394,137
46,2402,137
46,2410,137
46,2418,137
46,2427,137
46,2436,137
46,2445,137
46,2454,137
46,2464,137
46,2474,137
46,2484,137
46,2494,137
46,2504,137
46,2514,137
46,2524,137
46,2534,137
46,2544,137
46,2554,137
46,2564,137
46,2574,137
46,2584,137
46,2594,137
46,2603,137
46,2612,137
46,2620,137
46,2628,137
46,2636,137
46,2644,137
46,2653,137
46,2662,137
46,2671,137
46,2680,137
46,2689,137
46,2698,137
46,2707,137
46,2716,137
46,2725,137
46,2734,137
46,2744,137
46,2754,137
46,2764,137
46,2774,137
46,2784,137
46,2794,137
46,2804,137
46,2814,137
46,2824,137
46,2833,137
46,2843,137
46,2853,137
46,2863,137
46,2873,137
46,2883,137
46,2893,137
46,2903,137
46,2913,137
46,2924,137
46,2935,137
46,2946,137
46,2957,137
46,2968,137
46,2979,137
46,2990,137
46,3001,137
46,3010,152
46,3012,137
46,3021,152
46,3023,137
46,3031,152
46,3033,137
46,3041,152
46,3043,137
46,3051,152
46,3053,137
46,3061,152
46,3063,137
46,3071,152
46,3074,137
46,3082,152
46,3085,137
46,3093,152
46,3096,137
46,3104,152
46,3107,137
46,3115,152
46,3118,137
46,3126,152
46,3129,137
46,3137,152
46,3141,137
46,3149,152
46,3153,137
46,3161,152
46,3165,137
46,3173,152
46,3177,137
46,3185,152
46,3189,137
46,3197,152
46,3201,137
46,3209,152
46,3213,137
46,3221,152
46,3225,137
46,3232,152
46,3236,137
46,3242,152
46,3246,137
46,3252,152
46,3256,137
46,3261,152
46,3265,137
46,3270,152
46,3274,137
46,3279,152
46,3283,137
46,3288,152
46,3292,137
46,3297,152
46,3301,137
46,3306,152
46,3311,137
46,3316,152
46,3321,137
46,3325,152
46,3330,137
46,3334,152
46,3339,137
46,3343,152
46,3348,137
46,3352,152
46,3357,137
46,3361,152
46,3366,137
46,3370,152
46,3376,137
46,3380,152
46,3386,137
46,3390,152
46,3397,137
46,3401,152
46,3408,137
46,3412,152
46,3419,137
46,3422,152
46,3430,137
46,3433,152
46,3441,137
46,3444,152
46,3452,137
46,3462,137
46,3472,137
46,3482,137
46,3492,137
46,3502,137
46,3512,137
46,3522,137
46,3532,137
46,3541,137
46,3550,137
46,3559,137
46,3568,137
46,3577,137
46,3586,137
46,3595,137
46,3604,137
46,3615,137
46,3626,137
46,3637,137
46,3648,137
46,3659,137
46,3670,137
46,3681,137
46,3692,137
46,3703,137
46,3714,137
46,3725,137
46,3736,137
46,3746,155
46,3748,137
46,3758,155
46,3760,137
46,3770,155
46,3772,137
46,3781,155
46,3783,137
46,3792,155
46,3794,137
46,3803,155
46,3805,137
46,3814,155
46,3816,137
46,3825,155
46,3827,137
46,3835,155
46,3836,124
46,3838,137
46,3846,155
46,3847,124
46,3849,137
46,3857,155
46,3858,124
46,3860,137
46,3868,155
46,3869,124
46,3871,137
46,3879,155
46,3880,124
46,3882,137
46,3890,155
46,3891,124
46,3893,137
46,3901,155
46,3902,124
46,3904,137
46,3912,155
46,3913,124
46,3915,137
46,3923,155
46,3924,124
46,3926,137
46,3933,155
46,3934,124
46,3936,137
46,3943,155
46,3944,124
46,3946,137
46,3953,155
46,3954,124
46,3956,137
46,3963,155
46,3964,124
46,3966,137
46,3973,155
46,3974,124
46,3976,137
46,3983,155
46,3984,124
46,3986,137
46,3993,155
46,3994,124
46,3996,137
46,4003,155
46,4004,124
46,4006,137
46,4013,155
46,4014,124
46,4016,137
46,4022,155
46,4023,124
46,4025,137
46,4031,155
46,4032,124
46,4034,137
46,4040,155
46,4041,124
46,4043,137
46,4049,155
46,4050,124
46,4052,137
46,4058,155
46,4059,124
46,4061,137
46,4067,155
46,4068,124
46,4070,137
46,4076,155
46,4077,124
46,4079,137
46,4085,155
46,4086,124
46,4088,137
46,4094,155
46,4095,124
46,4097,137
46,4103,155
46,4104,124
46,4106,137
46,4112,155
46,4113,124
46,4115,137
46,4121,155
46,4122,124
46,4124,137
46,4130,155
46,4131,124
46,4133,137
46,4139,155
46,4140,124
46,4142,137
46,4148,155
46,4149,124
46,4151,137
46,4157,155
46,4158,124
46,4160,137
46,4166,155
46,4167,124
46,4169,137
46,4175,155
46,4176,124
46,4178,137
46,4184,124
46,4186,137
46,4192,124
46,4194,137
46,4200,124
46,4202,137
46,4208,124
46,4210,137
46,4216,124
46,4218,137
46,4224,124
46,4226,137
46,4232,124
46,4234,137
46,4240,124
46,4242,137
46,4248,124
46,4250,137
46,4256,124
46,4258,137
46,4264,124
46,4266,137
46,4272,124
46,4274,137
46,4280,124
46,4282,137
46,4288,124
46,4290,137
46,4296,124
46,4298,137
46,4304,124
46,4306,137
46,4312,124
46,4314,137
46,4320,124
46,4322,137
46,4328,124
46,4330,137
46,4336,124
46,4338,137
46,4344,124
46,4346,137
46,4352,124
46,4354,137
46,4360,124
46,4362,137
46,4368,124
46,4370,137
46,4376,124
46,4378,137
46,4384,124
46,4386,137
46,4392,124
46,4394,137
46,4400,124
46,4402,137
46,4408,124
46,4410,137
46,4416,124
46,4418,137
46,4424,124
46,4427,137
46,4433,124
46,4437,137
46,4443,124
46,4447,137
46,4453,124
46,4458,137
46,4464,124
46,4469,137
46,4475,124
46,4480,137
46,4486,124
46,4491,137
46,4497,124
46,4502,137
46,4508,124
46,4513,137
46,4519,124
46,4524,137
46,4530,124
46,4535,137
46,4541,124
46,4546,137
46,4552,124
46,4557,137
46,4563,124
46,4568,137
46,4574,124
46,4579,137
46,4585,124
46,4590,137
46,4596,124
46,4601,137
46,4607,124
46,4612,137
46,4618,124
46,4623,137
46,4629,124
46,4634,137
46,4640,124
46,4645,137
46,4651,124
46,4656,137
46,4662,124
46,4667,137
46,4673,124
46,4678,137
46,4684,124
46,4689,137
46,4695,124
46,4700,137
46,4706,124
46,4711,137
46,4717,124
46,4722,137
46,4728,124
46,4734,137
46,4740,124
46,4746,137
46,4752,124
46,4758,137
46,4764,124
46,4770,137
46,4776,124
46,4783,137
46,4789,124
46,4796,137
46,4802,124
46,4809,137
46,4815,124
46,4822,137
46,4828,124
46,4835,137
46,4841,124
46,4848,137
46,4854,124
46,4861,137
46,4867,124
46,4874,137
46,4880,124
46,4887,137
46,4893,124
46,4900,137
46,4906,124
46,4913,137
46,4919,124
46,4926,137
46,4932,124
46,4939,137
46,4945,124
46,4952,137
46,4958,124
46,4965,137
46,4971,124
46,4979,137
46,4985,124
46,4992,137
46,4998,124
46,5005,137
46,5011,124
46,5018,137
46,5024,124
46,5031,137
46,5037,124
46,5044,137
46,5050,124
46,5057,137
46,5063,124
46,5070,137
46,5076,124
46,5083,137
46,5089,124
46,5096,137
46,5102,124
46,5109,137
46,5115,124
46,5122,137
46,5128,124
46,5135,137
46,5141,124
46,5148,137
46,5154,124
46,5161,137
46,5167,124
46,5174,137
46,5180,124
46,5187,137
46,5193,124
46,5199,137
46,5205,124
46,5211,137
46,5217,124
46,5223,137
46,5229,124
46,5235,137
46,5241,124
46,5247,137
46,5253,124
46,5259,137
46,5265,124
46,5271,137
46,5277,124
46,5282,137
46,5288,124
46,5293,137
46,5299,124
46,5304,137
46,5310,124
46,5315,137
46,5321,124
46,5326,137
46,5332,124
46,5337,137
46,5343,124
46,5347,105
46,5349,137
46,5355,124
46,5359,105
46,5361,137
46,5367,124
46,5371,105
46,5373,137
46,5379,124
46,5383,105
46,5385,137
46,5391,124
46,5395,105
46,5397,137
46,5403,124
46,5407,105
46,5409,137
46,5415,124
46,5419,105
46,5421,137
46,5427,124
46,5430,105
46,5431,102
46,5433,137
46,5439,124
46,5442,105
46,5443,102
46,5445,137
46,5451,124
46,5454,105
46,5455,102
46,5457,137
46,5463,124
46,5466,105
46,5467,102
46,5469,137
46,5475,124
46,5478,105
46,5479,102
46,5482,137
46,5488,124
46,5491,105
46,5492,102
46,5495,137
46,5501,124
46,5504,105
46,5505,102
46,5508,137
46,5514,124
46,5517,105
46,5518,102
46,5521,137
46,5527,124
46,5530,105
46,5531,102
46,5534,137
46,5540,124
46,5543,105
46,5544,102
46,5546,108
46,5548,137
46,5554,124
46,5557,105
46,5558,102
46,5560,108
46,5562,137
46,5568,124
46,5571,105
46,5572,102
46,5574,108
46,5576,137
46,5582,124
46,5585,105
46,5586,102
46,5588,108
46,5590,137
46,5596,124
46,5599,105
46,5600,102
46,5602,108
46,5604,137
46,5610,124
46,5613,105
46,5614,102
46,5616,108
46,5618,137
46,5624,124
46,5627,105
46,5628,102
46,5630,108
46,5632,137
46,5638,124
46,5641,105
46,5642,102
46,5644,108
46,5646,137
46,5652,124
46,5655,105
46,5656,102
46,5658,108
46,5660,137
46,5666,124
46,5669,105
46,5670,102
46,5672,108
46,5674,137
46,5680,124
46,5683,105
46,5684,102
46,5686,108
46,5688,137
46,5694,124
46,5697,105
46,5698,102
46,5700,108
46,5702,137
46,5708,124
46,5711,105
46,5712,102
46,5714,108
46,5716,137
46,5722,124
46,5725,105
46,5726,102
46,5728,108
46,5730,137
46,5736,124
46,5739,105
46,5740,102
46,5742,108
46,5744,137
46,5750,124
46,5753,105
46,5754,102
46,5756,108
46,5758,137
46,5764,124
46,5767,105
46,5768,102
46,5770,108
46,5773,137
46,5779,124
46,5782,105
46,5783,102
46,5785,108
46,5788,137
46,5794,124
46,5797,105
46,5798,102
46,5800,108
46,5803,137
46,5809,124
46,5812,105
46,5813,102
46,5815,108
46,5818,137
46,5824,124
46,5827,105
46,5828,102
46,5830,108
46,5833,137
46,5839,124
46,5842,105
46,5843,102
46,5845,108
46,5848,137
46,5854,124
46,5857,105
46,5858,102
46,5860,108
46,5863,137
46,5869,124
46,5871,105
46,5872,102
46,5874,108
46,5877,137
46,5883,124
46,5885,105
46,5886,102
46,5888,108
46,5891,137
46,5897,124
46,5899,105
46,5900,102
46,5902,108
46,5905,137
46,5911,124
46,5913,105
46,5914,102
46,5916,108
46,5919,137
46,5925,124
46,5927,105
46,5928,102
46,5930,108
46,5933,137
46,5939,124
46,5941,105
46,5942,102
46,5944,108
46,5947,137
46,5953,124
46,5955,105
46,5956,102
46,5958,108
46,5961,137
46,5967,124
46,5969,105
46,5970,102
46,5972,108
46,5975,137
46,5981,124
46,5983,105
46,5984,102
46,5986,108
46,5989,137
46,5995,124
46,5997,105
46,5998,102
46,6000,108
46,6003,137
46,6009,124
46,6011,105
46,6012,102
46,6014,108
46,6017,137
46,6023,124
46,6025,105
46,6026,102
46,6028,108
46,6031,137
46,6037,124
46,6039,105
46,6040,102
46,6042,108
46,6045,137
46,6051,124
46,6053,105
46,6054,102
46,6056,108
46,6060,137
46,6066,124
46,6068,105
46,6069,102
46,6071,108
46,6075,137
46,6081,124
46,6083,105
46,6084,102
46,6086,108
46,6090,137
46,6096,124
46,6098,105
46,6099,102
46,6101,108
46,6105,137
46,6111,124
46,6113,105
46,6114,102
46,6116,108
46,6120,137
46,6126,124
46,6128,105
46,6129,102
46,6131,108
46,6135,137
46,6141,124
46,6143,105
46,6144,102
46,6146,108
46,6150,137
46,6156,124
46,6158,105
46,6159,102
46,6161,108
46,6165,137
46,6171,124
46,6173,105
46,6174,102
46,6176,108
46,6180,137
46,6186,124
46,6188,105
46,6189,102
46,6191,108
46,6196,137
46,6202,124
46,6204,105
46,6205,102
46,6207,108
46,6212,137
46,6218,124
46,6220,105
46,6221,102
46,6223,108
46,6228,137
46,6234,124
46,6236,105
46,6237,102
46,6239,108
46,6244,137
46,6250,124
46,6252,105
46,6253,102
46,6255,108
46,6260,137
46,6266,124
46,6268,105
46,6269,102
46,6271,108
46,6276,137
46,6282,124
46,6284,105
46,6285,102
46,6287,108
46,6292,137
46,6298,124
46,6300,105
46,6301,102
46,6303,108
46,6308,137
46,6314,124
46,6316,105
46,6317,102
46,6319,108
46,6324,137
46,6330,124
46,6332,105
46,6333,102
46,6335,108
46,6340,137
46,6346,124
46,6348,105
46,6349,102
46,6351,108
46,6356,137
46,6362,124
46,6364,105
46,6365,102
46,6366,108
46,6371,137
46,6377,124
46,6379,105
46,6380,102
46,6381,108
46,6386,137
46,6392,124
46,6394,105
46,6395,102
46,6396,108
46,6401,137
46,6407,124
46,6409,105
46,6410,102
46,6411,108
46,6416,137
46,6422,124
46,6424,105
46,6425,102
46,6426,108
46,6432,137
46,6438,124
46,6440,105
46,6441,102
46,6442,108
46,6448,137
46,6454,124
46,6456,105
46,6457,102
46,6458,108
46,6464,137
46,6470,124
46,6472,105
46,6473,102
46,6474,108
46,6480,137
46,6486,124
46,6488,105
46,6489,102
46,6490,108
46,6495,109
46,6497,137
46,6503,124
46,6505,105
46,6506,102
46,6507,108
46,6512,109
46,6514,137
46,6520,124
46,6522,105
46,6523,102
46,6524,108
46,6529,109
46,6531,137
46,6537,124
46,6539,105
46,6540,102
46,6541,108
46,6546,109
46,6548,137
46,6554,124
46,6556,105
46,6557,102
46,6558,108
46,6563,109
46,6565,137
46,6571,124
46,6573,105
46,6574,102
46,6575,108
46,6580,109
46,6582,137
46,6588,124
46,6590,105
46,6591,102
46,6592,108
46,6597,109
46,6599,137
46,6605,124
46,6607,105
46,6608,102
46,6609,108
46,6614,109
46,6617,137
46,6623,124
46,6625,105
46,6626,102
46,6627,108
46,6632,109
46,6635,137
46,6641,124
46,6643,105
46,6644,102
46,6645,108
46,6650,109
46,6653,137
46,6659,124
46,6661,105
46,6662,102
46,6663,108
46,6668,109
46,6671,137
46,6677,124
46,6679,105
46,6680,102
46,6681,108
46,6686,109
46,6689,137
46,6695,124
46,6697,105
46,6698,102
46,6699,108
46,6704,109
46,6707,137
46,6713,124
46,6715,105
46,6716,102
46,6717,108
46,6722,109
46,6725,137
46,6731,124
46,6733,105
46,6734,102
46,6735,108
46,6740,109
46,6743,137
46,6749,124
46,6751,105
46,6752,102
46,6753,108
46,6758,109
46,6761,137
46,6767,124
46,6769,105
46,6770,102
46,6771,108
46,6776,109
46,6779,137
46,6785,124
46,6787,105
46,6788,102
46,6789,108
46,6794,109
46,6797,137
46,6803,124
46,6805,105
46,6806,102
46,6807,108
46,6812,109
46,6815,137
46,6821,124
46,6823,105
46,6824,102
46,6825,108
46,6830,109
46,6833,137
46,6839,124
46,6841,105
46,6842,102
46,6843,108
46,6848,109
46,6851,137
46,6857,124
46,6859,105
46,6860,102
46,6861,108
46,6865,109
46,6868,137
46,6874,124
46,6876,105
46,6877,102
46,6878,108
46,6882,109
46,6885,137
46,6891,124
46,6893,105
46,6894,102
46,6895,108
46,6899,109
46,6902,137
46,6908,124
46,6910,105
46,6911,102
46,6912,108
46,6916,109
46,6919,137
46,6925,124
46,6927,105
46,6928,102
46,6929,108
46,6933,109
46,6936,137
46,6942,124
46,6944,105
46,6945,102
46,6946,108
46,6950,109
46,6953,137
46,6959,124
46,6961,105
46,6962,102
46,6963,108
46,6967,109
46,6970,137
46,6976,124
46,6978,105
46,6979,102
46,6980,108
46,6984,109
46,6987,137
46,6993,124
46,6995,105
46,6996,102
46,6997,108
46,7001,109
46,7004,137
46,7010,124
46,7012,105
46,7013,102
46,7014,108
46,7018,109
46,7021,137
46,7027,124
46,7029,105
46,7030,102
46,7031,108
46,7035,109
46,7038,137
46,7044,124
46,7046,105
46,7047,102
46,7048,108
46,7052,109
46,7055,137
46,7061,124
46,7063,105
46,7064,102
46,7065,108
46,7069,109
46,7072,137
46,7078,124
46,7080,105
46,7081,102
46,7082,108
46,7086,109
46,7089,137
46,7095,124
46,7097,105
46,7098,102
46,7099,108
46,7103,109
46,7106,137
46,7112,124
46,7114,105
46,7115,102
46,7116,108
46,7120,109
46,7123,137
46,7129,124
46,7131,105
46,7132,102
46,7133,108
46,7137,109
46,7140,137
46,7146,124
46,7148,105
46,7149,102
46,7150,108
46,7154,109
46,7157,137
46,7163,124
46,7165,105
46,7166,102
46,7167,108
46,7171,109
46,7174,137
46,7180,124
46,7182,105
46,7183,102
46,7184,108
46,7188,109
46,7191,137
46,7197,124
46,7199,105
46,7200,102
46,7201,108
46,7205,109
46,7208,137
46,7214,124
46,7216,105
46,7217,102
46,7218,108
46,7222,109
46,7225,137
46,7231,124
46,7233,105
46,7234,102
46,7235,108
46,7239,109
46,7242,137
46,7248,124
46,7250,105
46,7251,102
46,7252,108
46,7256,109
46,7259,137
46,7265,124
46,7267,105
46,7268,102
46,7269,108
46,7273,109
46,7276,137
46,7282,124
46,7284,105
46,7285,102
46,7286,108
46,7290,109
46,7293,137
46,7299,124
46,7301,105
46,7302,102
46,7303,108
46,7307,109
46,7310,137
46,7316,124
46,7318,105
46,7319,102
46,7320,108
46,7324,109
46,7327,137
46,7333,124
46,7335,105
46,7336,102
46,7337,108
46,7341,109
46,7344,137
46,7350,124
46,7352,105
46,7353,102
46,7354,108
46,7358,109
46,7362,137
46,7368,124
46,7370,105
46,7371,102
46,7372,108
46,7376,109
46,7380,137
46,7386,124
46,7388,105
46,7389,102
46,7390,108
46,7394,109
46,7397,137
46,7403,124
46,7405,105
46,7406,102
46,7407,108
46,7411,109
46,7414,137
46,7420,124
46,7422,105
46,7423,102
46,7424,108
46,7428,109
46,7431,137
46,7437,124
46,7439,105
46,7440,102
46,7441,108
46,7445,109
46,7448,137
46,7454,124
46,7456,105
46,7457,102
46,7458,108
46,7462,109
46,7465,137
46,7471,124
46,7473,105
46,7474,102
46,7475,108
46,7479,109
46,7482,137
46,7488,124
46,7490,105
46,7491,102
46,7492,108
46,7496,109
46,7499,137
46,7505,124
46,7507,105
46,7508,102
46,7509,108
46,7513,109
46,7516,137
46,7522,124
46,7524,105
46,7525,102
46,7526,108
46,7530,109
46,7533,137
46,7539,124
46,7541,105
46,7542,102
46,7543,108
46,7546,109
46,7549,137
46,7555,124
46,7557,105
46,7558,102
46,7559,108
46,7562,109
46,7565,137
46,7571,124
46,7573,105
46,7574,102
46,7575,108
46,7578,109
46,7581,137
46,7587,124
46,7589,105
46,7590,102
46,7591,108
46,7594,109
46,7597,137
46,7603,124
46,7605,105
46,7606,102
46,7607,108
46,7610,109
46,7613,137
46,7619,124
46,7621,105
46,7622,102
46,7623,108
46,7626,109
46,7629,137
46,7635,124
46,7637,105
46,7638,102
46,7639,108
46,7642,109
46,7645,137
46,7651,124
46,7653,105
46,7654,102
46,7655,108
46,7658,109
46,7661,137
46,7667,124
46,7669,105
46,7670,102
46,7671,108
46,7674,109
46,7677,137
46,7683,124
46,7685,105
46,7686,102
46,7687,108
46,7690,109
46,7693,137
46,7699,124
46,7701,105
46,7702,102
46,7703,108
46,7706,109
46,7709,137
46,7715,124
46,7717,105
46,7718,102
46,7719,108
46,7722,109
46,7724,137
46,7730,124
46,7732,105
46,7733,102
46,7734,108
46,7737,109
46,7739,137
46,7745,124
46,7747,105
46,7748,102
46,7749,108
46,7752,109
46,7754,137
46,7759,124
46,7761,105
46,7762,102
46,7763,108
46,7766,109
46,7768,137
46,7773,124
46,7775,105
46,7776,102
46,7777,108
46,7780,109
46,7782,137
46,7787,124
46,7789,105
46,7790,108
46,7793,109
46,7795,137
46,7800,124
46,7802,105
46,7803,108
46,7806,109
46,7808,137
46,7813,124
46,7815,105
46,7816,108
46,7819,109
46,7821,137
46,7826,124
46,7828,105
46,7829,108
46,7832,109
46,7834,137
46,7839,124
46,7841,105
46,7842,108
46,7845,109
46,7846,137
46,7851,124
46,7853,105
46,7854,108
46,7857,109
46,7858,137
46,7863,124
46,7865,105
46,7866,108
46,7869,109
46,7870,137
46,7875,124
46,7877,105
46,7878,108
46,7881,109
46,7882,137
46,7887,124
46,7889,105
46,7890,108
46,7893,109
46,7894,137
46,7899,124
46,7901,105
46,7902,108
46,7905,109
46,7906,137
46,7911,124
46,7913,105
46,7914,108
46,7917,109
46,7918,137
46,7923,124
46,7925,105
46,7926,108
46,7929,109
46,7930,137
46,7935,124
46,7937,105
46,7938,108
46,7941,109
46,7946,124
46,7948,105
46,7949,108
46,7952,109
46,7957,124
46,7959,105
46,7960,108
46,7963,109
46,7968,124
46,7970,105
46,7971,108
46,7974,109
46,7979,124
46,7981,105
46,7982,108
46,7985,109
46,7990,124
46,7992,105
46,7993,108
46,7996,109
46,8001,124
46,8003,105
46,8004,108
46,8006,109
46,8011,124
46,8013,105
46,8014,108
46,8016,109
46,8021,124
46,8023,105
46,8024,108
46,8026,109
46,8031,124
46,8033,105
46,8034,108
46,8036,109
46,8040,124
46,8042,105
46,8043,108
46,8045,109
46,8049,124
46,8051,105
46,8052,108
46,8054,109
46,8058,124
46,8060,105
46,8061,108
46,8063,109
46,8067,124
46,8069,105
46,8070,108
46,8072,109
46,8076,124
46,8078,105
46,8079,108
46,8081,109
46,8085,124
46,8087,105
46,8088,108
46,8090,109
46,8094,124
46,8096,105
46,8097,108
46,8099,109
46,8103,124
46,8105,105
46,8106,108
46,8108,109
46,8112,124
46,8114,105
46,8115,108
46,8117,109
46,8121,124
46,8123,105
46,8124,108
46,8126,109
46,8130,124
46,8132,105
46,8133,108
46,8135,109
46,8139,124
46,8141,105
46,8142,108
46,8144,109
46,8148,124
46,8150,105
46,8151,108
46,8153,109
46,8157,124
46,8159,105
46,8160,108
46,8162,109
46,8166,124
46,8168,105
46,8169,108
46,8171,109
46,8175,124
46,8177,105
46,8178,108
46,8180,109
46,8184,124
46,8186,105
46,8187,108
46,8189,109
46,8193,124
46,8195,105
46,8196,108
46,8198,109
46,8202,124
46,8204,105
46,8205,108
46,8207,109
46,8211,124
46,8213,105
46,8214,108
46,8216,109
46,8220,124
46,8222,105
46,8223,108
46,8225,109
46,8229,124
46,8231,105
46,8232,108
46,8234,109
46,8238,124
46,8240,105
46,8241,108
46,8243,109
46,8247,124
46,8249,105
46,8250,108
46,8252,109
46,8256,124
46,8258,105
46,8259,108
46,8261,109
46,8265,124
46,8267,105
46,8268,108
46,8270,109
46,8274,124
46,8276,105
46,8277,108
46,8279,109
46,8283,124
46,8285,105
46,8286,108
46,8288,109
46,8292,124
46,8294,105
46,8295,108
46,8297,109
46,8301,124
46,8303,105
46,8304,108
46,8306,109
46,8310,124
46,8312,105
46,8313,108
46,8315,109
46,8319,124
46,8321,105
46,8322,108
46,8324,109
46,8329,124
46,8331,105
46,8332,108
46,8334,109
46,8339,124
46,8341,105
46,8342,108
46,8344,109
46,8349,124
46,8351,105
46,8352,108
46,8354,109
46,8359,124
46,8361,105
46,8362,108
46,8364,109
46,8369,124
46,8371,105
46,8372,108
46,8374,109
46,8379,124
46,8381,105
46,8382,108
46,8384,109
46,8389,124
46,8391,105
46,8392,108
46,8394,109
46,8399,124
46,8401,105
46,8402,108
46,8404,109
46,8409,124
46,8411,105
46,8412,108
46,8414,109
46,8419,124
46,8421,105
46,8422,108
46,8424,109
46,8429,124
46,8431,105
46,8432,108
46,8434,109
46,8439,124
46,8441,105
46,8442,108
46,8444,109
46,8449,124
46,8451,105
46,8452,108
46,8454,109
46,8459,124
46,8461,105
46,8462,108
46,8464,109
46,8469,124
46,8471,105
46,8472,108
46,8474,109
46,8479,124
46,8481,105
46,8482,108
46,8484,109
46,8489,124
46,8491,105
46,8492,108
46,8494,109
46,8499,124
46,8501,105
46,8502,108
46,8504,109
46,8509,124
46,8511,105
46,8512,108
46,8514,109
46,8519,124
46,8521,105
46,8522,108
46,8524,109
46,8529,124
46,8531,105
46,8532,108
46,8534,109
46,8539,124
46,8541,105
46,8542,108
46,8544,109
46,8549,124
46,8551,105
46,8552,108
46,8554,109
46,8559,124
46,8561,105
46,8562,108
46,8564,109
46,8569,124
46,8571,105
46,8572,108
46,8574,109
46,8579,124
46,8581,105
46,8582,108
46,8584,109
46,8589,124
46,8591,105
46,8592,108
46,8594,109
46,8599,124
46,8601,105
46,8602,108
46,8604,109
46,8609,124
46,8611,105
46,8612,108
46,8614,109
46,8619,124
46,8621,105
46,8622,108
46,8624,109
46,8629,124
46,8631,105
46,8632,108
46,8634,109
46,8639,124
46,8641,105
46,8642,108
46,8644,109
46,8649,124
46,8651,105
46,8652,108
46,8654,109
46,8659,124
46,8661,105
46,8662,108
46,8664,109
46,8669,124
46,8671,105
46,8672,108
46,8674,109
46,8679,124
46,8681,105
46,8682,108
46,8684,109
46,8689,124
46,8691,105
46,8692,108
46,8694,109
46,8699,124
46,8701,105
46,8702,108
46,8704,109
46,8709,124
46,8711,105
46,8712,108
46,8714,109
46,8719,124
46,8721,105
46,8722,108
46,8724,109
46,8729,124
46,8731,105
46,8732,108
46,8734,109
46,8739,124
46,8741,105
46,8742,108
46,8744,109
46,8749,124
46,8751,105
46,8752,108
46,8754,109
46,8759,124
46,8761,105
46,8762,108
46,8764,109
46,8769,124
46,8771,105
46,8772,108
46,8774,109
46,8779,124
46,8781,105
46,8782,108
46,8784,109
46,8789,124
46,8791,105
46,8792,108
46,8794,109
46,8799,124
46,8801,105
46,8802,108
46,8804,109
46,8809,124
46,8811,105
46,8812,108
46,8814,109
46,8819,124
46,8821,105
46,8822,108
46,8824,109
46,8829,124
46,8831,105
46,8832,108
46,8834,109
46,8839,124
46,8841,105
46,8842,108
46,8844,109
46,8849,124
46,8851,105
46,8852,108
46,8854,109
46,8859,124
46,8861,105
46,8862,108
46,8864,109
46,8869,124
46,8871,105
46,8872,108
46,8874,109
46,8879,124
46,8881,105
46,8882,108
46,8884,109
46,8889,124
46,8891,105
46,8892,108
46,8894,109
46,8899,124
46,8901,105
46,8902,108
46,8904,109
46,8909,124
46,8911,105
46,8912,108
46,8914,109
46,8919,124
46,8921,105
46,8922,108
46,8924,109
46,8929,124
46,8931,105
46,8932,108
46,8934,109
46,8939,124
46,8941,105
46,8942,108
46,8944,109
46,8949,124
46,8951,105
46,8952,108
46,8954,109
46,8959,124
46,8961,105
46,8962,108
46,8964,109
46,8969,124
46,8971,105
46,8972,108
46,8974,109
46,8979,124
46,8981,105
46,8982,108
46,8984,109
46,8989,124
46,8991,105
46,8992,108
46,8994,109
46,8999,124
46,9001,105
46,9002,108
46,9004,109
46,9009,124
46,9011,105
46,9012,108
46,9014,109
46,9019,124
46,9021,105
46,9022,108
46,9024,109
46,9029,124
46,9031,105
46,9032,108
46,9034,109
46,9039,124
46,9041,105
46,9042,108
46,9044,109
46,9049,124
46,9051,105
46,9052,108
46,9054,109
46,9059,124
46,9061,105
46,9062,108
46,9064,109
46,9069,124
46,9071,105
46,9072,108
46,9074,109
46,9079,124
46,9081,105
46,9082,108
46,9084,109
46,9090,124
46,9092,105
46,9093,108
46,9095,109
46,9101,124
46,9103,105
46,9104,108
46,9106,109
46,9112,124
46,9114,105
46,9115,108
46,9117,109
46,9123,124
46,9125,105
46,9126,108
46,9128,109
46,9134,124
46,9136,105
46,9137,108
46,9139,109
46,9145,124
46,9147,105
46,9148,108
46,9150,109
46,9156,124
46,9158,105
46,9159,108
46,9161,109
46,9167,124
46,9169,105
46,9170,108
46,9172,109
46,9178,124
46,9180,105
46,9181,108
46,9183,109
46,9189,124
46,9191,105
46,9192,108
46,9194,109
46,9200,124
46,9202,105
46,9203,108
46,9205,109
46,9211,124
46,9213,105
46,9214,108
46,9216,109
46,9222,124
46,9224,105
46,9225,108
46,9227,109
46,9233,124
46,9235,105
46,9236,108
46,9238,109
46,9244,124
46,9246,105
46,9247,108
46,9249,109
46,9255,124
46,9257,105
46,9258,108
46,9260,109
46,9266,124
46,9268,105
46,9269,108
46,9271,109
46,9277,124
46,9279,105
46,9280,108
46,9282,109
46,9288,124
46,9290,105
46,9291,108
46,9293,109
46,9299,124
46,9301,105
46,9302,108
46,9304,109
46,9310,124
46,9312,105
46,9313,108
46,9315,109
46,9321,124
46,9323,105
46,9324,108
46,9326,109
46,9332,124
46,9334,105
46,9335,108
46,9337,109
46,9343,124
46,9345,105
46,9346,108
46,9348,109
46,9354,124
46,9356,105
46,9357,108
46,9359,109
46,9365,124
46,9367,105
46,9368,108
46,9370,109
46,9376,124
46,9378,105
46,9379,108
46,9381,109
46,9387,124
46,9389,105
46,9390,108
46,9392,109
46,9398,124
46,9400,105
46,9401,108
46,9403,109
46,9409,124
46,9411,105
46,9412,108
46,9414,109
46,9420,124
46,9422,105
46,9423,108
46,9425,109
46,9431,124
46,9433,105
46,9434,108
46,9436,109
46,9442,124
46,9444,105
46,9445,108
46,9447,109
46,9453,124
46,9455,105
46,9456,108
46,9458,109
46,9464,124
46,9466,105
46,9467,108
46,9469,109
46,9475,124
46,9477,105
46,9478,108
46,9480,109
46,9486,124
46,9488,105
46,9489,108
46,9491,109
46,9497,124
46,9499,105
46,9500,108
46,9502,109
46,9508,124
46,9510,105
46,9511,108
46,9513,109
46,9519,124
46,9521,105
46,9522,108
46,9524,109
46,9530,124
46,9532,105
46,9533,108
46,9535,109
46,9542,124
46,9544,105
46,9545,108
46,9547,109
46,9554,124
46,9556,105
46,9557,108
46,9559,109
46,9566,124
46,9568,105
46,9569,108
46,9571,109
46,9578,124
46,9580,105
46,9581,108
46,9583,109
46,9590,124
46,9592,105
46,9593,108
46,9595,109
46,9602,124
46,9604,105
46,9605,108
46,9607,109
46,9614,124
46,9616,105
46,9617,108
46,9619,109
46,9626,124
46,9628,105
46,9629,108
46,9631,109
46,9638,124
46,9640,105
46,9641,108
46,9643,109
46,9650,124
46,9652,105
46,9653,108
46,9655,109
46,9662,124
46,9664,105
46,9665,108
46,9667,109
46,9674,124
46,9676,105
46,9677,108
46,9679,109
46,9686,124
46,9688,105
46,9689,108
46,9691,109
46,9698,124
46,9700,105
46,9701,108
46,9703,109
46,9710,124
46,9712,105
46,9713,108
46,9715,109
46,9722,124
46,9724,105
46,9725,108
46,9727,109
46,9734,124
46,9736,105
46,9737,108
46,9739,109
46,9746,124
46,9748,105
46,9749,108
46,9751,109
46,9758,124
46,9760,105
46,9761,108
46,9763,109
46,9770,124
46,9772,105
46,9773,108
46,9775,109
46,9782,124
46,9784,105
46,9785,108
46,9787,109
46,9794,124
46,9796,105
46,9797,108
46,9799,109
46,9806,124
46,9808,105
46,9809,108
46,9811,109
46,9818,124
46,9820,105
46,9821,108
46,9823,109
46,9830,124
46,9832,105
46,9833,108
46,9835,109
46,9842,124
46,9844,105
46,9845,108
46,9847,109
46,9854,124
46,9856,105
46,9857,108
46,9859,109
46,9866,124
46,9868,105
46,9869,108
46,9871,109
46,9878,124
46,9880,105
46,9881,108
46,9883,109
46,9890,124
46,9892,105
46,9893,108
46,9895,109
46,9902,124
46,9904,105
46,9905,108
46,9907,109
46,9914,124
46,9916,105
46,9917,108
46,9919,109
46,9926,124
46,9928,105
46,9929,108
46,9931,109
46,9938,124
46,9940,105
46,9941,108
46,9943,109
46,9949,124
46,9951,105
46,9952,108
46,9954,109
46,9960,124
46,9962,105
46,9963,108
46,9965,109
46,9971,124
46,9973,105
46,9974,108
46,9976,109
46,9982,124
46,9984,105
46,9985,108
46,9987,109
46,9993,124
46,9995,105
46,9996,108
46,9998,109
46,10004,124
46,10006,105
46,10007,108
46,10009,109
46,10015,124
46,10017,105
46,10018,108
46,10020,109
46,10026,124
46,10028,105
46,10029,108
46,10031,109
46,10034,158
46,10038,124
46,10040,105
46,10041,108
46,10043,109
46,10046,158
46,10050,124
46,10052,105
46,10053,108
46,10055,109
46,10057,158
46,10061,124
46,10063,105
46,10064,108
46,10066,109
46,10068,158
46,10072,124
46,10074,105
46,10075,108
46,10077,109
46,10079,158
46,10083,124
46,10085,105
46,10086,108
46,10088,109
46,10090,158
46,10094,124
46,10096,105
46,10097,108
46,10099,109
46,10101,158
46,10102,110
46,10106,124
46,10108,105
46,10109,108
46,10111,109
46,10113,158
46,10114,110
46,10118,124
46,10120,105
46,10121,108
46,10123,109
46,10125,158
46,10126,110
46,10130,124
46,10132,105
46,10133,108
46,10135,109
46,10137,158
46,10138,110
46,10142,124
46,10144,105
46,10145,108
46,10147,109
46,10149,158
46,10150,110
46,10154,124
46,10156,105
46,10157,108
46,10159,109
46,10161,158
46,10162,110
46,10166,124
46,10168,105
46,10169,108
46,10171,109
46,10173,158
46,10174,110
46,10178,124
46,10180,105
46,10181,108
46,10183,109
46,10185,158
46,10186,110
46,10190,124
46,10192,105
46,10193,108
46,10195,109
46,10197,158
46,10198,110
46,10202,124
46,10204,105
46,10205,108
46,10207,109
46,10209,158
46,10210,110
46,10214,124
46,10216,105
46,10217,108
46,10219,109
46,10221,158
46,10222,110
46,10226,124
46,10228,105
46,10229,108
46,10231,109
46,10233,158
46,10234,110
46,10238,124
46,10240,105
46,10241,108
46,10243,109
46,10245,158
46,10246,110
46,10250,124
46,10252,105
46,10253,108
46,10255,109
46,10257,158
46,10258,110
46,10262,124
46,10264,105
46,10265,108
46,10267,109
46,10269,158
46,10270,110
46,10274,124
46,10276,105
46,10277,108
46,10279,109
46,10281,158
46,10282,110
46,10286,124
46,10288,105
46,10289,108
46,10291,109
46,10293,158
46,10294,110
46,10298,124
46,10300,105
46,10301,108
46,10303,109
46,10305,158
46,10306,110
46,10310,124
46,10312,105
46,10313,108
46,10315,109
46,10317,158
46,10318,110
46,10319,107
46,10323,124
46,10325,105
46,10326,108
46,10328,109
46,10330,158
46,10331,110
46,10332,107
46,10336,124
46,10338,105
46,10339,108
46,10341,109
46,10343,158
46,10344,110
46,10345,107
46,10349,124
46,10351,105
46,10352,108
46,10354,109
46,10356,158
46,10357,110
46,10358,107
46,10362,124
46,10364,105
46,10365,108
46,10367,109
46,10369,158
46,10370,110
46,10371,107
46,10375,124
46,10377,105
46,10378,108
46,10380,109
46,10382,158
46,10383,110
46,10384,107
46,10388,124
46,10390,105
46,10391,108
46,10393,109
46,10395,158
46,10396,110
46,10397,107
46,10401,124
46,10403,105
46,10404,108
46,10406,109
46,10408,158
46,10409,110
46,10410,107
46,10414,124
46,10416,105
46,10417,108
46,10419,109
46,10421,158
46,10422,110
46,10423,107
46,10427,124
46,10429,105
46,10430,108
46,10432,109
46,10434,158
46,10435,110
46,10436,107
46,10440,124
46,10442,105
46,10443,108
46,10445,109
46,10447,158
46,10448,110
46,10449,107
46,10453,124
46,10455,105
46,10456,108
46,10458,109
46,10460,158
46,10461,110
46,10462,107
46,10466,124
46,10468,105
46,10469,108
46,10471,109
46,10473,158
46,10474,110
46,10475,107
46,10479,124
46,10481,105
46,10482,108
46,10484,109
46,10486,158
46,10487,110
46,10488,107
46,10492,124
46,10494,105
46,10495,108
46,10497,109
46,10499,158
46,10500,110
46,10501,107
46,10505,124
46,10507,105
46,10508,108
46,10510,109
46,10512,158
46,10513,110
46,10514,107
46,10518,124
46,10520,105
46,10521,108
46,10523,109
46,10525,158
46,10526,110
46,10527,107
46,10531,124
46,10533,105
46,10534,108
46,10536,109
46,10538,158
46,10539,110
46,10540,107
46,10544,124
46,10546,105
46,10547,108
46,10549,109
46,10551,158
46,10552,110
46,10553,107
46,10557,124
46,10559,105
46,10560,108
46,10562,109
46,10564,158
46,10565,110
46,10566,107
46,10570,124
46,10572,105
46,10573,108
46,10575,109
46,10577,158
46,10578,110
46,10579,107
46,10583,124
46,10585,105
46,10586,108
46,10588,109
46,10590,158
46,10591,110
46,10592,107
46,10596,124
46,10598,105
46,10599,108
46,10601,109
46,10603,158
46,10604,110
46,10605,107
46,10609,124
46,10611,105
46,10612,108
46,10614,109
46,10616,158
46,10617,110
46,10618,107
46,10622,124
46,10624,105
46,10625,108
46,10627,109
46,10629,158
46,10630,110
46,10631,107
46,10635,124
46,10637,105
46,10638,108
46,10640,109
46,10642,158
46,10643,110
46,10644,107
46,10648,124
46,10650,105
46,10651,108
46,10653,109
46,10655,158
46,10656,110
46,10657,107
46,10661,124
46,10663,105
46,10664,108
46,10666,109
46,10668,158
46,10669,110
46,10670,107
46,10674,124
46,10676,105
46,10678,109
46,10680,158
46,10681,110
46,10682,107
46,10686,124
46,10688,105
46,10690,109
46,10692,158
46,10693,110
46,10694,107
46,10698,124
46,10700,105
46,10702,109
46,10704,158
46,10705,110
46,10706,107
46,10710,124
46,10712,105
46,10714,109
46,10716,158
46,10717,110
46,10718,107
46,10722,124
46,10724,105
46,10726,109
46,10728,158
46,10729,110
46,10730,107
46,10734,124
46,10736,105
46,10738,109
46,10740,158
46,10741,110
46,10742,107
46,10746,124
46,10748,105
46,10750,109
46,10752,110
46,10753,107
46,10757,124
46,10759,105
46,10761,109
46,10763,110
46,10764,107
46,10768,124
46,10770,105
46,10772,109
46,10774,110
46,10775,107
46,10779,124
46,10781,105
46,10783,109
46,10785,110
46,10786,107
46,10790,124
46,10792,105
46,10794,109
46,10796,110
46,10797,107
46,10801,124
46,10803,105
46,10805,109
46,10807,110
46,10808,107
46,10812,124
46,10814,105
46,10816,109
46,10818,110
46,10819,107
46,10823,124
46,10826,109
46,10828,110
46,10829,107
46,10833,124
46,10836,109
46,10838,110
46,10839,107
46,10843,124
46,10846,109
46,10848,110
46,10849,107
46,10853,124
46,10856,109
46,10858,110
46,10859,107
46,10863,124
46,10866,109
46,10868,110
46,10869,107
46,10873,124
46,10876,109
46,10878,110
46,10879,107
46,10883,124
46,10886,109
46,10888,110
46,10889,107
46,10893,124
46,10896,109
46,10898,110
46,10899,107
46,10903,124
46,10906,109
46,10908,110
46,10909,107
46,10913,124
46,10916,109
46,10918,110
46,10919,107
46,10923,124
46,10926,109
46,10928,110
46,10929,107
46,10933,124
46,10936,109
46,10938,110
46,10939,107
46,10943,124
46,10945,109
46,10947,110
46,10948,107
46,10952,124
46,10954,109
46,10956,110
46,10957,107
46,10961,124
46,10963,109
46,10965,110
46,10966,107
46,10970,124
46,10972,109
46,10974,110
46,10975,107
46,10979,124
46,10981,109
46,10983,110
46,10984,107
46,10988,124
46,10990,109
46,10992,110
46,10993,107
46,10998,124
46,11000,109
46,11002,110
46,11003,107
46,11008,124
46,11010,109
46,11012,110
46,11017,124
46,11019,109
46,11021,110
46,11026,124
46,11028,109
46,11030,110
46,11035,124
46,11037,109
46,11039,110
46,11044,124
46,11046,109
46,11048,110
46,11053,124
46,11055,109
46,11057,110
46,11062,124
46,11064,109
46,11066,110
46,11071,124
46,11073,109
46,11075,110
46,11080,124
46,11082,109
46,11084,110
46,11089,124
46,11091,109
46,11093,110
46,11098,124
46,11100,109
46,11102,110
46,11106,124
46,11108,109
46,11110,110
46,11114,124
46,11116,109
46,11118,110
46,11122,124
46,11124,109
46,11126,110
46,11130,124
46,11132,109
46,11134,110
46,11138,124
46,11140,109
46,11142,110
46,11146,124
46,11148,109
46,11150,110
46,11154,124
46,11156,109
46,11158,110
46,11162,124
46,11164,109
46,11166,110
46,11170,124
46,11172,109
46,11174,110
46,11178,124
46,11180,109
46,11185,124
46,11187,109
46,11191,124
46,11193,109
46,11197,124
46,11199,109
46,11203,124
46,11205,109
46,11209,124
46,11211,109
46,11215,124
46,11217,109
46,11221,124
46,11223,109
46,11227,124
46,11229,109
46,11233,124
46,11235,109
46,11239,124
46,11241,109
46,11245,124
46,11247,109
46,11251,124
46,11253,109
46,11257,124
46,11259,109
46,11263,124
46,11265,109
46,11269,124
46,11271,109
46,11275,124
46,11277,109
46,11282,109
46,11287,109
46,11292,109
46,11296,109
46,11300,109
46,11304,109
46,11308,109
46,11312,109
46,11316,109
46,11320,109
46,11324,109
46,11327,109
46,11330,109
46,11333,109
46,11336,109
46,11339,109
46,11342,109
46,11345,109
46,11348,109
46,11351,109
46,11354,109
46,11356,109
46,11358,109
46,11360,109
46,11362,109
46,11364,109
46,11366,109
46,11368,109
46,11370,109
46,11372,109
46,11374,109
46,11376,109
46,11378,109
46,11380,109
46,11382,109
46,11384,109
46,11386,109
46,11388,109
46,11390,109
46,11392,109
46,11394,109
46,12649,112
46,12652,112
46,12655,112
46,12658,112
46,12661,112
46,12665,112
46,12669,112
46,12673,112
46,12677,112
46,12681,112
46,12685,112
46,12689,112
46,12695,112
46,12701,112
46,12707,112
46,12713,112
46,12719,112
46,12725,112
46,12730,112
46,12735,112
46,12740,112
46,12744,101
46,12746,112
46,12750,101
46,12752,112
46,12756,101
46,12758,112
46,12762,101
46,12764,112
46,12768,101
46,12770,112
46,12774,101
46,12776,112
46,12780,101
46,12782,112
46,12786,101
46,12788,112
46,12792,101
46,12794,112
46,12798,101
46,12800,112
46,12804,101
46,12806,112
46,12810,101
46,12812,112
46,12815,101
46,12817,112
46,12820,101
46,12822,112
46,12825,101
46,12827,112
46,12830,101
46,12832,112
46,12835,101
46,12837,112
46,12840,101
46,12842,112
46,12845,101
46,12847,112
46,12850,101
46,12852,112
46,12855,101
46,12857,112
46,12860,101
46,12862,112
46,12865,101
46,12869,101
46,12873,101
46,12878,101
46,12883,101
46,12889,101
46,12895,101
46,12901,101
46,12907,101
46,12912,101
46,12917,101
46,12922,101
46,12927,101
46,12933,101
46,12939,101
46,12945,101
46,12951,101
46,12957,101
46,12961,114
46,12964,101
46,12968,114
46,12971,101
46,12975,114
46,12978,101
46,12982,114
46,12988,114
46,12994,114
46,13000,114
46,13006,114
46,13012,114
46,13018,114
46,13024,114
46,13030,114
46,13036,114
46,13042,114
46,13048,114
46,13054,114
46,13060,114
46,13066,114
46,13073,114
46,13080,114
46,13087,114
46,13094,114
46,13101,114
46,13107,114
46,13114,114
46,13121,114
46,13128,114
46,13135,114
46,13142,114
46,13149,114
46,13156,114
46,13163,114
46,13170,114
46,13176,114
46,13182,114
46,13188,114
46,13194,114
46,13200,114
46,13206,114
46,13212,114
46,13218,114
46,13224,114
46,13230,114
46,13236,114
46,13242,114
